id,domain,status,purchase_price,renewal_price,attractiveness,demand,length,registrar,created_at,expires_at
0004e751-6aca-4036-a7b8-eacdd95235bf,states.properties,available,10.99,,70,16,6,name.com,,
0011ca93-e91e-4ec7-9932-9de99748ee13,gonegative.properties,available,10.99,,66,1,11,name.com,,
0014a13b-ae71-4f3a-851c-e9283dcbae78,runners.properties,available,10.99,,78,16,7,name.com,,
001e50e2-6339-4aa1-8fde-3b4fe7412a04,takealeak.properties,available,10.99,,63,1,11,name.com,,
00295c67-f001-4e3a-9c5b-9e583596ea53,prizes.properties,available,10.99,,60,11,6,name.com,,
005af885-08b8-4409-9cf9-bb2621d8e7d5,hitormiss.properties,available,10.99,,66,3,11,name.com,,
005b2df5-0627-4d07-bfd3-2fa71e2cdf3a,takeaways.properties,available,10.99,,56,5,9,name.com,,
006543fd-4c48-4f6e-83e9-1435c8748116,carrymeout.properties,available,10.99,,46,1,12,name.com,,
006ebcd7-dd38-485c-bd99-a29112cb67de,pluses.properties,available,10.99,,56,4,6,name.com,,
007a2c7e-5ae3-41d1-b52b-62b2337546a9,aboutfaced.properties,available,10.99,,48,1,11,name.com,,
009102cd-c126-45c4-ab6c-a5de0537b1ef,gets.properties,available,10.99,,60,15,4,name.com,,
009ddab0-4565-4eb3-b28f-4defc9833ef1,Frenchicecream.properties,available,43.98,,72,1,16,namecheap,,
009e24f6-021d-464d-b69d-797eb6972eea,smashup.properties,available,10.99,,58,5,8,name.com,,
00ba01ad-b110-421f-826a-9210ecf83b6e,organizers.properties,available,10.99,,56,6,10,name.com,,
00c1a8f6-f45b-440c-90fe-2e058ac5f9eb,toneup.properties,available,10.99,,80,5,7,name.com,,
00d5afab-f276-4f56-9825-4ca01b2d88fc,amplifying.properties,available,10.99,,56,3,10,name.com,,
00f327b7-a72b-4f37-940d-27d6cf4b568f,IsleofWight.properties,available,43.98,,54,9,13,namecheap,,
00f48e51-c3f7-41d0-b43e-2838d37a7d0b,goeasy.properties,available,10.99,,76,11,7,name.com,,
00f641cf-11bf-41aa-8c50-746fd5966918,stockings.properties,available,10.99,,58,6,9,name.com,,
01197331-1029-4e54-8404-ccba213d9eb7,touchdowns.properties,available,10.99,,57,2,10,name.com,,
014906fb-c661-4919-bdee-4d5038f6966c,coffeehousing.properties,available,10.99,,72,1,13,name.com,,
0195ec28-c325-41e0-b9ae-035ab03ecaa3,goamiss.properties,available,10.99,,68,0,8,name.com,,
01a1c826-9e92-47c8-b6ea-989791d9addd,forms.properties,available,10.99,,54,28,5,name.com,,
01a2bcb4-7578-43a7-8f6a-2801a9b5f77e,getturnedaround.properties,available,10.99,,64,1,17,name.com,,
01b4689f-d34d-44da-9107-e85fb6bfec97,LongBeach.properties,premium,138.6,138.6,62,11,10,namecheap,,
01c07c39-24aa-4327-902f-a00fa46e35bb,getoveron.properties,available,10.99,,72,1,11,name.com,,
01cf0c42-b063-4cf2-9da7-eaa88136772a,makewhole.properties,available,10.99,,80,2,10,name.com,,
01e0d1df-9c82-4456-9f0c-06d0a7a3f925,hobbies.properties,available,10.99,,60,11,7,name.com,,
01e49503-d5ff-4dad-86f0-42804e7f867b,cliponnecktie.properties,available,10.99,,48,1,15,name.com,,
0270a92b-97a9-45ae-9af7-8a71451a79e7,highspirits.properties,available,10.99,,76,8,12,name.com,,
027b7143-b1ae-4652-8653-2d1b4b742096,volunteers.properties,available,10.99,,62,12,10,name.com,,
02838bf3-c71c-4e5e-b87a-c85a435ed16b,barkeeper.properties,available,10.99,,70,4,10,name.com,,
0290ee79-2fe3-494e-9490-2ea9b0788f84,getthememo.properties,available,10.99,,74,1,12,name.com,,
02a06b5f-cd04-4df1-8691-69f822bffb5b,outlets.properties,available,10.99,,56,10,7,name.com,,
02a61473-607c-47e9-aa0f-1d2b7c00b4e9,storyboards.properties,available,10.99,,58,7,11,name.com,,
02b760b8-4eeb-4fa5-ba56-81bd9e09070f,alcohols.properties,available,10.99,,50,4,8,name.com,,
02c6c7c0-6014-45ba-a34e-4b5ccab999c0,manysortedlogic.properties,available,10.99,,64,1,17,name.com,,
02e21566-c9f4-46be-a7c1-4db681586f32,socialstatus.properties,available,10.99,,64,6,13,name.com,,
02f0b88d-c8c8-45c4-b7ea-558c6529b742,specialed.properties,available,10.99,,76,6,10,name.com,,
02f117b2-e327-4694-8c76-30e49bdb117b,getphysical.properties,available,10.99,,80,1,12,name.com,,
030bfba6-7ce0-4ce6-8381-0f361d003ef4,keeptabson.properties,available,10.99,,70,1,12,name.com,,
030d3878-f52e-4601-b2e5-9d5f904d6e6c,grouptherapy.properties,available,10.99,,72,4,13,name.com,,
0329a4e9-75c8-43de-b98d-9dc9f50c3512,equations.properties,available,10.99,,54,5,9,name.com,,
032b4bb6-cafe-481b-8756-e7daa8231fc3,movefurniture.properties,available,10.99,,68,1,14,name.com,,
035c468c-830a-4de2-9278-5e07c90656d8,destinies.properties,available,10.99,,72,4,9,name.com,,
0363ff3a-9ebc-4e36-b691-4507bb6bd09a,events.properties,premium,250,,68,37,6,name.com,,
0382934a-ee6e-46f1-adb6-733be7b3afe0,satellites.properties,available,10.99,,59,8,10,name.com,,
03d32340-15f3-4462-88ca-dae57088c5e9,bosses.properties,available,10.99,,54,8,6,name.com,,
03e42f0e-10af-4c78-9b8a-fb52e51d6696,propranolol.properties,available,10.99,,68,5,11,name.com,,
041cea96-dfff-4120-85a9-4650e8a9cb39,pumpup.properties,available,10.99,,76,5,7,name.com,,
0425e91f-51f7-4924-ae48-26a48033c1b5,childsafetyseats.properties,available,10.99,,42,1,18,name.com,,
043a42e0-2d31-4917-bb01-3632b2809b09,payoff.properties,available,10.99,,70,8,7,name.com,,
04413d5c-7be4-4ed3-82cb-f358d4e1766f,manycolored.properties,available,10.99,,54,0,12,name.com,,
04838bf3-7dc7-4296-b161-026f2078ba85,strangers.properties,available,10.99,,46,9,9,name.com,,
048db5fe-8f78-4460-9737-98b52eb75992,officecleaner.properties,available,10.99,,41,1,14,name.com,,
04909b77-8a9b-431e-9664-820938ccc0b3,haveway.properties,available,10.99,,74,1,8,name.com,,
04937cb4-bee8-450f-9d3c-d4ba61b12c6e,fishes.properties,available,10.99,,66,6,6,name.com,,
04cdd79b-dc25-471a-b58d-7baf51f72a17,collapsed.properties,available,10.99,,38,3,9,name.com,,
04d2356b-f81a-4328-9c12-90af197b0e49,belike.properties,available,10.99,,74,7,7,name.com,,
04f4b8b4-5c8b-4be7-a95b-0bfd8dba3c6b,GrandExchange.properties,available,43.98,,56,5,14,namecheap,,
04f83721-0be9-4899-844e-7c73f6a112d0,plans.properties,available,10.99,,60,20,5,name.com,,
0510e639-d08b-48f6-a5c6-3f5d83af59e9,flashdoor.properties,available,10.99,,50,0,10,name.com,,
056f784b-0e46-4eb5-ae3e-748ecdd36a1f,bros.properties,available,10.99,,58,19,4,name.com,,
05cc2491-1dff-4d89-8dfa-c0516863436d,divinejudgement.properties,available,10.99,,47,1,16,name.com,,
05d41644-2c75-4c51-a10a-19e9ba5578c1,thieves.properties,available,10.99,,45,8,7,name.com,,
0670227c-474c-404a-b819-9a5993917064,nails.properties,available,10.99,,62,18,5,name.com,,
06779045-04d1-414f-8f46-812ee9201855,wellbuilt.properties,available,10.99,,78,7,10,name.com,,
06a1d238-c710-4e72-b524-51923ac5b1d7,DistrictofColumbia.properties,premium,138.6,138.6,52,4,20,namecheap,,
06b8dc1d-cb5c-4df9-b27c-9dc1d9459ead,givelife.properties,available,10.99,,58,5,9,name.com,,
06dbff89-208a-4975-b3a8-a750de432ee3,filingfees.properties,available,10.99,,46,1,11,name.com,,
06dc321a-d9df-4bfa-9789-29889c66df8c,introductions.properties,available,10.99,,56,4,13,name.com,,
0718b11b-f43d-4cf0-a198-9caa32e04446,hookup.properties,available,10.99,,76,16,7,name.com,,
072137b9-7fce-497a-9bdf-e277fdb1c837,inwriting.properties,available,10.99,,72,3,10,name.com,,
073902ba-ab04-4b2b-a429-37f9a9c34b26,keeppace.properties,available,10.99,,74,3,9,name.com,,
07439610-94d7-4b95-91f7-d08cac63cde2,getroundto.properties,available,10.99,,74,1,12,name.com,,
074fd385-34f5-4fc6-929e-adb4f9f8aee4,havereason.properties,available,10.99,,76,1,11,name.com,,
0750635a-73e9-40a1-8681-cf4feca7a970,ifthecapfits.properties,available,10.99,,55,1,15,name.com,,
0774d04c-8cfe-431f-9af3-23a7a19219fc,grandnieces.properties,available,10.99,,66,1,11,name.com,,
079c5e78-6bcc-4b78-a653-d0fe6d4726bd,dates.properties,available,10.99,,56,15,5,name.com,,
07aec313-1fc2-4842-803d-3fe6ca1e2e33,transports.properties,available,10.99,,52,7,10,name.com,,
07b1342e-dbe8-4afc-bc09-22811db09fa6,likeso.properties,available,10.99,,52,1,7,name.com,,
07cbe4e9-89ae-4325-bfa3-3789f66a6a67,sacks.properties,available,10.99,,59,8,5,name.com,,
07e54f55-a8f2-4d6a-b9f1-b74b28961a23,devotions.properties,available,10.99,,56,5,9,name.com,,
07eefc3f-dd60-4ae1-9765-5fc20d54c68d,typewriters.properties,available,10.99,,56,4,11,name.com,,
07fac09a-4209-465d-987f-2808d400a040,givingin.properties,available,10.99,,50,1,9,name.com,,
07fdcf3b-e41a-4326-8a40-d008387190aa,induecourse.properties,available,10.99,,57,0,13,name.com,,
080aaee7-fcaf-4876-893a-6930dd1b0910,tothe.properties,available,10.99,,54,7,6,name.com,,
08175318-54e5-47e7-92a8-62b31dc23791,manuallabour.properties,available,10.99,,58,1,13,name.com,,
08233551-dbc9-4d04-892e-5be68690b151,ballplaying.properties,available,10.99,,70,1,12,name.com,,
08356565-c7e5-4c7f-89c3-11f2771d8e75,clipboards.properties,available,10.99,,56,4,10,name.com,,
085493eb-4ad8-4343-880a-2fe2bdebaebb,mentions.properties,available,10.99,,54,9,8,name.com,,
0858b809-43e5-4d35-9ccf-8a58393cb067,affiliates.properties,available,10.99,,60,21,10,name.com,,
0858dba0-41a8-408d-b599-19f19afb3ecf,champs.properties,available,10.99,,56,16,6,name.com,,
085f2e78-8697-47c8-9d02-d99663281ebf,getlucky.properties,available,10.99,,84,10,9,name.com,,
0889604c-7cd9-4b1b-a5fc-1eae85ddc3be,hangbyathread.properties,available,10.99,,56,1,16,name.com,,
08a5e373-b8b7-4760-ad3f-d6bc4b6aa2e7,ventilators.properties,available,10.99,,48,4,11,name.com,,
08abf331-71d1-41c2-a0d5-0c24ebc8a4f7,roastbeef.properties,available,10.99,,80,4,10,name.com,,
08b04413-c7b6-42b0-a313-2fe7d7f0f168,inmyview.properties,available,10.99,,48,2,10,name.com,,
08bd727b-d98b-4988-a0f7-b980f11c7552,prejudices.properties,available,10.99,,38,1,10,name.com,,
08dbae27-eb36-43c9-88d2-284beaa23ca9,lunchmaking.properties,available,10.99,,78,1,11,name.com,,
09005385-3652-4360-803a-354ed326c665,grandparents.properties,available,10.99,,68,5,12,name.com,,
09119ac5-764d-4e3f-844a-88cd52aace7f,chairs.properties,available,10.99,,54,11,6,name.com,,
09189a99-e1c4-40f5-b5a5-b83d1c812610,terminators.properties,available,10.99,,46,3,11,name.com,,
092780a6-d7cd-456d-aa6c-6bdc3a1e798a,furthermore.properties,available,10.99,,68,7,11,name.com,,
09337a52-9e5d-4146-8895-f8d3f52664a7,plated.properties,available,10.99,,66,11,6,name.com,,
09394c7c-0d7b-4c53-a47c-f969d33753e3,arriveat.properties,available,10.99,,70,1,9,name.com,,
093c9895-6358-4a75-9f5a-8351f8d564df,makeupfriend.properties,available,10.99,,60,1,14,name.com,,
095002c4-790e-4a20-992e-33553667a015,snaps.properties,available,10.99,,52,20,5,name.com,,
098615e3-b479-4adb-b1e3-2c305ea93068,minimumwages.properties,available,10.99,,52,1,13,name.com,,
09bd731a-76d9-41b1-bce6-95ba867d3936,fishtail.properties,available,10.99,,68,5,9,name.com,,
09d1ad13-37e4-497b-b04a-cc03113ef790,launches.properties,available,10.99,,65,8,8,name.com,,
09dae0c9-792e-4289-9543-8c7a7aa6f213,turninto.properties,available,10.99,,86,2,9,name.com,,
0a181e42-59fd-4b6c-926a-fd7910329aea,transported.properties,available,10.99,,61,4,11,name.com,,
0a306e66-470a-442d-a398-63a986776857,shrugs.properties,available,10.99,,50,2,6,name.com,,
0a35a113-bfd1-4ff5-9e02-c0735568200f,VHS.properties,available,43.98,,71,20,3,namecheap,,
0a62357d-133c-466d-83b8-cd9b80d33c66,wraps.properties,available,10.99,,53,11,5,name.com,,
0a7b28e2-30d1-462f-b41e-dde5add4902f,midautumn.properties,available,10.99,,80,2,9,name.com,,
0a8a76ff-395a-4274-a111-351faabcb6b4,bearings.properties,available,10.99,,50,11,8,name.com,,
0a94aaae-e1de-4287-ba07-30cbf9280d76,getjiggy.properties,available,10.99,,80,2,9,name.com,,
0ab378f0-6e28-4def-931d-f0a00bc4924f,intrinsicvalue.properties,available,10.99,,66,4,15,name.com,,
0ab5790e-309e-4f41-ba7b-d8f0fc81a654,platepaper.properties,available,10.99,,66,0,11,name.com,,
0ae8ac74-4be0-4d99-b9eb-841e226fdd1f,YankeeDoodle.properties,available,43.98,,63,2,13,namecheap,,
0aeca6b3-be7c-468e-99a0-7dd2e408e562,generalstores.properties,available,10.99,,50,2,14,name.com,,
0aecf9bc-0fdd-4168-a0df-2a2774360d70,variations.properties,available,10.99,,46,5,10,name.com,,
0af0eb07-e943-4c9f-8efe-a876e8c9fa9a,pursues.properties,available,10.99,,58,1,7,name.com,,
0b039000-fe20-4ea8-b3dc-694877906105,roses.properties,available,10.99,,68,16,5,name.com,,
0b17a6f6-1c1a-4f23-869b-f2036d38f9b5,theories.properties,available,10.99,,58,6,8,name.com,,
0b243c12-9fbd-49af-a902-a85ab1d70787,progressing.properties,available,10.99,,56,3,11,name.com,,
0b28be88-2bfc-42a2-a931-7775bcbc91c8,turnedon.properties,available,10.99,,52,3,9,name.com,,
0b294092-0396-4cda-834e-3ba4e557c239,GeneralTsochicken.properties,available,43.98,,70,1,19,namecheap,,
0b6083e0-e4b5-4f49-b08f-085791f19c40,designs.properties,available,10.99,,72,21,7,name.com,,
0b6b609d-5402-48fa-910a-716c42cc9667,grayer.properties,available,10.99,,60,3,6,name.com,,
0b85664e-4220-4512-a8ad-e9de97588fc3,getpastoneself.properties,available,10.99,,62,0,16,name.com,,
0baa9073-865a-4a6e-8ef6-a809a5ad14b5,publicservice.properties,available,10.99,,65,8,14,name.com,,
0bacfd0e-a053-463c-8940-ad03ab41a52d,LordofChristmas.properties,available,43.98,,54,1,17,namecheap,,
0bd32cd8-5efa-4a39-892d-bcfa9c7a18a6,basedon.properties,available,10.99,,50,4,8,name.com,,
0bdda998-b187-4944-b967-9a5d42326bdc,coffeecakes.properties,available,10.99,,62,2,11,name.com,,
0c017bbd-ec9b-4b22-aafc-ce83328687ed,ambulances.properties,available,10.99,,58,5,10,name.com,,
0c0e5102-3f74-4278-9af5-5d25f71b9d9d,havethefloor.properties,available,10.99,,64,1,14,name.com,,
0c1862bd-e160-42fe-8f33-a526658e04c6,requirements.properties,available,10.99,,56,9,12,name.com,,
0c2464d4-1bce-467a-b18c-31769b3a8f03,slipdress.properties,available,10.99,,76,1,10,name.com,,
0c2cd5d2-15ca-45cb-bd7b-90f0ab95cd49,gosteady.properties,available,10.99,,70,3,9,name.com,,
0c47acd9-25b8-45d1-ae9a-41a6c34f9279,facilitation.properties,available,10.99,,74,12,12,name.com,,
0c4a7480-6bc6-441d-85b9-133b0a4f4ccb,deepbreathing.properties,available,10.99,,74,2,14,name.com,,
0c50f339-05c3-4a0f-a684-9f329fcf3718,comewith.properties,available,10.99,,72,3,9,name.com,,
0c55509a-3dab-435c-b4d3-73488aaf45e0,cupboards.properties,available,10.99,,48,3,9,name.com,,
0c889623-f7f4-42d5-97bb-5bf221268362,intheway.properties,available,10.99,,70,3,10,name.com,,
0c8edb66-747d-4d07-9259-503dba4a17ad,makeit.properties,available,10.99,,82,22,7,name.com,,
0c99207f-5eba-4f0c-856e-968a36fb475b,keepsomebodyposted.properties,available,10.99,,46,0,20,name.com,,
0ca02044-7de1-4fa8-a82a-6b28736f04b1,rocks.properties,premium,250,,78,18,5,name.com,,
0cab3fe5-4dc6-4ea0-8f13-3f7239ff7cfa,ambitiousness.properties,available,10.99,,74,1,13,name.com,,
0cb64815-affa-4294-b6f0-bb874f943377,slowcookers.properties,available,10.99,,55,2,12,name.com,,
0cbb8eb8-8ccf-4ebe-9255-c04c6fb16afb,mortars.properties,available,10.99,,40,2,7,name.com,,
0ce77185-f7b7-49d6-8a09-2ef35a3c8a66,commonweal.properties,available,10.99,,68,5,11,name.com,,
0cec1c01-035e-4733-9a4f-057f55240585,resteasy.properties,available,10.99,,79,4,9,name.com,,
0d15c984-4b7a-4d05-9e1e-26ca43e4f2e4,coffeesenna.properties,available,10.99,,80,1,12,name.com,,
0d37a3f1-c3f8-4488-b055-3685c8bd16e9,killed.properties,available,10.99,,56,5,6,name.com,,
0d3a83ad-e674-44d3-92fa-9a263f4bf5ba,postbox.properties,available,10.99,,72,17,8,name.com,,
0d669b8f-8581-4be1-9836-6260ed13bb83,quitting.properties,available,10.99,,54,4,8,name.com,,
0d676a1e-f16b-430b-ba7e-08230f7904f9,subsidiaries.properties,available,10.99,,51,2,12,name.com,,
0d6b17fc-b5fb-456d-bbe6-286b3f5c8ae1,highschools.properties,available,10.99,,65,4,12,name.com,,
0d7d732a-0a1d-44ae-8fe9-9bae10a90759,motorinsurance.properties,available,10.99,,60,4,15,name.com,,
0d9184a5-d239-4b0d-9730-4cc2b8424591,operators.properties,available,10.99,,52,13,9,name.com,,
0d933ef6-c296-436b-b671-d9b3f7ea1db9,VirginiaBeach.properties,premium,138.6,138.6,58,9,14,namecheap,,
0d936e4a-c4bc-4023-9d39-04b5dd913bc8,enterthescene.properties,available,10.99,,62,1,15,name.com,,
0dc5d9de-332d-455b-84ec-0a4fcb1bd10d,outofmyway.properties,available,10.99,,34,1,13,name.com,,
0dc7ca0a-4730-45cf-a10b-4a71d433c0ee,OxyContin.properties,available,10.99,,64,6,9,name.com,,
0dd1725a-6da0-41ec-b6af-27bcfbb251fd,teaspoons.properties,available,10.99,,56,3,9,name.com,,
0deeda33-ca26-42b2-bb77-e996bc79657e,reps.properties,available,10.99,,73,16,4,name.com,,
0e25c554-2c8e-411c-a61a-b595a66f0b7a,TyphoidMary.properties,available,43.98,,59,1,12,namecheap,,
0e37e9db-2a1a-43dd-9cc3-26f61c823a44,referred.properties,available,10.99,,52,6,8,name.com,,
0e52b1ba-0ca9-42a9-a129-b7f8dadd47c2,moneymakers.properties,available,10.99,,60,9,11,name.com,,
0e9b6c7a-2f7c-4dc1-a855-e9a44f4b731b,makeknown.properties,available,10.99,,78,4,10,name.com,,
0ecf8e3a-fa63-4405-ab5a-509f09502de1,dothejob.properties,available,10.99,,74,1,10,name.com,,
0eda8e06-6f05-4544-b330-44577e244225,modernschool.properties,available,10.99,,48,2,13,name.com,,
0ee6d7b7-5623-4df5-a3ac-8083ac1be026,replying.properties,available,10.99,,52,3,8,name.com,,
0efc1f97-b640-4092-97d4-ac0ce60da3a5,lordoftherings.properties,available,10.99,,80,5,17,name.com,,
0f079378-0aeb-49d8-9363-d46241d8e4ae,comeofage.properties,available,10.99,,78,1,11,name.com,,
0f099004-66e1-4285-96b8-475ca7b76bca,deeplearning.properties,available,10.99,,74,23,13,name.com,,
0f0cec53-019e-4d44-abf4-c779ea143efd,Cats.properties,available,43.98,,59,33,4,namecheap,,
0f131341-0d0d-445d-8d7a-3e24ec1b7315,letpass.properties,available,10.99,,56,1,8,name.com,,
0f248e47-57c3-4858-ace6-9b433bcf71eb,hangup.properties,available,10.99,,68,5,7,name.com,,
0f562c31-9693-445a-9e2a-607a04cc4401,stackup.properties,available,10.99,,64,11,8,name.com,,
0f651d62-94a6-4b18-a19d-3a5cc18225d2,cometoanend.properties,available,10.99,,62,1,14,name.com,,
0f788ab9-e64c-45c6-a78b-c740db0f879f,OLEDdisplay.properties,available,10.99,,62,1,12,name.com,,
0f840422-9d87-4b13-ae64-8d88e64e86ac,laptops.properties,available,10.99,,56,8,7,name.com,,
0f983261-0dc5-4645-9893-1f6a307b5dcc,uptoanything.properties,available,10.99,,52,1,14,name.com,,
0fa60db1-8a3e-4efb-ba0c-d3cab01c4b3e,starkest.properties,available,10.99,,40,2,8,name.com,,
0fa66f67-8b2d-441c-93b9-07c1b9f6eba4,responds.properties,available,10.99,,58,3,8,name.com,,
0fad4929-238e-4e8b-88fc-661e238c50e9,requesting.properties,available,10.99,,49,5,10,name.com,,
0fb33f4f-c437-4468-93bf-ca112e7bb6e7,goforth.properties,available,10.99,,74,11,8,name.com,,
0fd80826-5504-4ca6-bc8a-5cfc4df2ee8c,IliveinMelbourne.properties,available,43.98,,50,0,19,namecheap,,
0fe0d5e1-072f-41f8-bcc9-a83b30d55391,servants.properties,available,10.99,,54,4,8,name.com,,
1001e9bf-6ec3-48fa-8264-59051d1c948d,keepto.properties,available,10.99,,72,2,7,name.com,,
1043d3fc-8203-4880-b0ba-b6d16e2e2cd0,reflects.properties,available,10.99,,50,6,8,name.com,,
104ef593-0e62-4669-859f-7f4514be221c,noodlebar.properties,available,10.99,,62,2,10,name.com,,
107173f6-fe8a-4f69-8249-90a1bdf8a542,pools.properties,premium,250,,61,19,5,name.com,,
108f94f1-9e6f-4f4e-8132-badafbf8c5d7,overcasted.properties,available,10.99,,48,1,10,name.com,,
10ad1292-d14d-49b9-b191-b2bd1dc321e4,arrested.properties,available,10.99,,60,7,8,name.com,,
10ed8a31-d91c-4b95-a320-0a19381e94b4,justtheticket.properties,available,10.99,,66,4,15,name.com,,
11017d8e-aab3-458c-8eb0-277728b3ba2e,mountainridge.properties,available,10.99,,52,3,14,name.com,,
111a9772-1ce8-41b4-8e33-5fb13b6a6168,majoritycouncil.properties,available,10.99,,48,1,16,name.com,,
111f9cf7-5f9a-4611-8457-9fed26bb27bf,aboutto.properties,available,10.99,,56,2,8,name.com,,
11763580-64da-4f93-b981-202c1951ce5f,estimationtheory.properties,available,10.99,,60,1,17,name.com,,
117e1267-7fed-4ee9-a33d-dffde2ff2df6,fasttracks.properties,available,10.99,,56,4,11,name.com,,
117ec7d2-f33b-429b-805e-690b11843a84,fellowed.properties,available,10.99,,52,1,8,name.com,,
1196e651-26e8-4107-b6ac-8b1d6d376b0a,gooutwithabang.properties,available,10.99,,66,1,18,name.com,,
11a75fc4-af90-4963-af24-aadc74d34991,dropabombshell.properties,available,10.99,,58,0,16,name.com,,
11d28995-8215-4536-aef9-6e67de2d4981,partwith.properties,available,10.99,,68,1,9,name.com,,
11d833c5-1243-49e5-a555-97365ff810cf,ounces.properties,available,10.99,,47,4,6,name.com,,
11ecd256-a79b-4a9e-843f-2a3d4ca61969,gettogether.properties,available,10.99,,82,8,12,name.com,,
120efd7e-1610-4437-849f-29ee2591d530,printers.properties,available,10.99,,59,10,8,name.com,,
12344c48-e1f3-410e-99ea-fa32924d6dc3,overcomes.properties,available,10.99,,62,2,9,name.com,,
123601ff-c85d-463d-9020-017e8ebb3c4e,offcampus.properties,available,10.99,,67,7,10,name.com,,
127d918d-4f43-4469-a730-87af000fee02,LoneRanger.properties,available,43.98,,70,4,11,namecheap,,
12859a31-ce1c-43b9-a255-12b7779c7dc6,exchanging.properties,available,10.99,,50,5,10,name.com,,
1287f73c-a9df-43b1-9a28-a8eed3210d81,vitamins.properties,available,10.99,,60,17,8,name.com,,
129f2067-2eab-4122-bd74-b3d1dc6a752d,getupin.properties,available,10.99,,74,1,9,name.com,,
12b86f15-b226-41a9-a074-212e963be65b,communityservice.properties,available,10.99,,72,5,17,name.com,,
12be4760-7803-4c77-9e86-78f370667e6c,silences.properties,available,10.99,,46,3,8,name.com,,
12d7d79d-5a87-420e-b04d-a2e677d50471,comeof.properties,available,10.99,,74,1,7,name.com,,
1300943f-1e71-4ba1-b79f-e7d894755233,weights.properties,available,10.99,,56,9,7,name.com,,
13123f52-26d5-4a7e-bc45-750612bc8d48,guards.properties,available,10.99,,76,9,6,name.com,,
1315aa19-7903-4a35-a93b-3dcf55d01ce5,excitements.properties,available,10.99,,50,1,11,name.com,,
131bfa61-afcd-4dcf-8daf-6e70759a65c8,pincushions.properties,available,10.99,,52,1,11,name.com,,
13387530-4192-42c4-b9b2-2fde4af23de6,pages.properties,available,10.99,,52,28,5,name.com,,
13406103-bf16-43df-933a-b8319da4516c,equals.properties,available,10.99,,62,10,6,name.com,,
1346242f-aed0-476e-8698-7669bdf2c62c,weddingcake.properties,available,10.99,,85,5,12,name.com,,
136f3470-865b-4316-9725-e6ef965bedb8,grandchildren.properties,available,10.99,,60,3,13,name.com,,
138a740c-a342-4fe3-b02e-5ce69476506f,tourists.properties,available,10.99,,58,7,8,name.com,,
1398d93c-c0ec-4526-ad69-1a476f67393c,signs.properties,available,10.99,,64,22,5,name.com,,
13c7ae1c-2242-4b06-bd01-37f4f32e8d4c,getmedieval.properties,available,10.99,,70,1,12,name.com,,
13d75a66-f029-49d6-af85-e27da60f2615,macaroniandcheese.properties,available,10.99,,72,2,19,name.com,,
13db23f2-f9af-4291-aa8c-fc0eb8df645d,superhero.properties,available,10.99,,84,23,9,name.com,,
13de1bad-3389-47ea-904d-3cb3b4e7ef5d,gettingusedto.properties,available,10.99,,66,1,15,name.com,,
13de40cb-d904-4677-a69e-34c3e5f10be9,getonboard.properties,available,10.99,,64,11,12,name.com,,
13ee3936-072a-4c14-8283-05f1ce50bb19,comeoutontop.properties,available,10.99,,68,0,15,name.com,,
13f341de-4349-47c7-b6d3-e224067b934c,granddaughters.properties,available,10.99,,60,1,14,name.com,,
13f47779-49fc-4722-8515-99f9cc7b9979,computers.properties,available,10.99,,68,19,9,name.com,,
1431efca-1e69-483d-b183-2eba1b8c73d2,iftruthbetold.properties,available,10.99,,54,1,16,name.com,,
145fb035-6cb6-4602-a77d-edf7677544ce,softenup.properties,available,10.99,,68,1,9,name.com,,
1476279c-4b84-4198-a3c6-077e1877c291,restaurants.properties,premium,250,,57,21,11,name.com,,
147b5f8f-4cfb-41f0-84bc-e833e11524b0,backtobasics.properties,available,10.99,,70,10,14,name.com,,
147e0104-60c8-4476-a2ca-c27166c00897,sobeit.properties,available,10.99,,52,5,8,name.com,,
1485cd06-0c19-48e7-8840-eacb477bddf8,havenot.properties,available,10.99,,66,4,8,name.com,,
14916c87-8a3a-4bcb-a5d0-f5ab5f6f3115,intheprocess.properties,available,10.99,,52,1,14,name.com,,
1495faad-0042-45fc-bd03-2154e1aea822,flaxcotton.properties,available,10.99,,56,0,11,name.com,,
14b74856-824a-49fa-bcf5-e3082f4222b5,getoveroneself.properties,available,10.99,,62,1,16,name.com,,
14c3bf71-11f4-42e5-a04f-6fb7a3d04da6,tales.properties,available,10.99,,72,14,5,name.com,,
14f1c1b1-8e28-4f97-9c9a-11b109405c6c,getoutside.properties,available,10.99,,79,6,11,name.com,,
15053fba-bc30-4b1e-a9d3-2f7394b0d89d,barbecuedpork.properties,available,10.99,,58,0,14,name.com,,
1529b0c4-864a-4c49-bbe7-984b14889d70,coffeegrounds.properties,available,10.99,,72,2,14,name.com,,
1542f553-5ab9-4bb1-b14a-bf2e13584547,newsfeed.properties,available,10.99,,54,8,9,name.com,,
154a6444-e10a-43a2-863c-e8913ef3fc68,wannabet.properties,available,10.99,,62,6,9,name.com,,
154bc1c6-f567-4614-8972-8d87ee9eac77,keepitdown.properties,available,10.99,,46,0,12,name.com,,
156407f2-c3b5-4c7a-b568-50b7a743f8cb,cans.properties,available,10.99,,56,10,4,name.com,,
157f2a6c-18f7-4e17-b3e2-17d134c46e55,possesses.properties,available,10.99,,48,1,9,name.com,,
15937819-34ea-47b5-b20c-de44c4b28169,hightea.properties,available,10.99,,76,8,8,name.com,,
15a426a3-a461-42a5-a64a-a3daa29baf80,tomorrows.properties,available,10.99,,60,11,9,name.com,,
15b6c748-6f32-4d40-80ba-553149fffa17,commonsalt.properties,available,10.99,,72,1,11,name.com,,
15d4ebb8-0ad6-4242-9584-5d451695e962,longfor.properties,available,10.99,,70,3,8,name.com,,
16054cf2-2859-46c7-a060-cd35b45d0536,calls.properties,available,10.99,,50,16,5,name.com,,
160abddf-50c4-4dae-8de2-2fefca7bc37b,rumcake.properties,available,10.99,,81,3,8,name.com,,
16337c53-2d24-4cc5-a1cb-351a9949ec75,insummation.properties,available,10.99,,50,1,12,name.com,,
163468c4-da75-4153-b5a2-68fa156da5a6,wears.properties,available,10.99,,62,7,5,name.com,,
164dba29-b8aa-4374-be44-629c4722cf75,spas.properties,available,10.99,,56,10,4,name.com,,
1666125f-9fda-4228-872a-8ec2b32bbbd6,taxfree.properties,available,10.99,,68,11,8,name.com,,
1668b8d0-364f-48af-96ae-83edf1516ae0,strikeablow.properties,available,10.99,,70,0,13,name.com,,
166ed5c4-ec17-4840-a4a4-85a1aff055a5,furnishings.properties,available,10.99,,80,5,11,name.com,,
168aae8b-5dec-4074-a93b-68a0b120dc8c,inunison.properties,available,10.99,,72,4,9,name.com,,
168d8c37-a450-4e19-9e3e-7d989c69bee2,AcademyAward.properties,available,43.98,,76,1,13,namecheap,,
16fcb3af-3af6-4313-969a-55490347e443,texts.properties,available,10.99,,52,13,5,name.com,,
17019897-cea9-4fde-9068-1b9c115973e3,thebird.properties,available,10.99,,58,6,8,name.com,,
1711d6db-f563-408b-b1b7-434e5ea72580,fitthebill.properties,available,10.99,,84,1,12,name.com,,
1714c0e4-f528-46a2-958a-93eccf94a707,Iamadoctor.properties,available,43.98,,50,1,13,namecheap,,
17157a39-2645-4e9b-abe6-b105f778a043,sums.properties,available,10.99,,50,9,4,name.com,,
1719235f-7018-482d-bb57-38ec579733ed,clipart.properties,available,10.99,,74,8,8,name.com,,
1719b7fd-de4e-42fa-8f7b-af9d8d811771,coffeeglass.properties,available,10.99,,80,1,12,name.com,,
17486029-3e99-4e58-af81-5f38d2fce2c8,lostandfound.properties,available,10.99,,64,19,14,name.com,,
174b11c0-1738-4b19-995c-dba6900474b4,revenues.properties,available,10.99,,54,6,8,name.com,,
176c8724-83ef-485d-86a6-b36ffb98e52e,stepping.properties,available,10.99,,73,5,8,name.com,,
1780276c-d55f-4695-a6a5-f36450806448,continentalplate.properties,available,10.99,,42,1,17,name.com,,
1786783a-0b4d-43dc-acda-225685da3cea,mortgages.properties,available,10.99,,50,16,9,name.com,,
1796fdb6-4a4b-4149-89f7-06649fa54629,getoutthevote.properties,available,10.99,,70,2,16,name.com,,
17a858ce-69e2-4676-975e-0312c2452337,mealsonwheels.properties,available,10.99,,80,5,15,name.com,,
17b5df2b-98c4-44fa-ab26-e2a4352af0c0,commontime.properties,available,10.99,,68,4,11,name.com,,
17c2081e-5063-438b-b18d-f54b4354176f,Ihateyou.properties,available,43.98,,52,4,10,namecheap,,
17c87ce9-7e95-4a17-847c-def77e250b2b,cuddleup.properties,available,10.99,,89,4,9,name.com,,
18147462-4e18-42c6-a997-c30b7bc4ed96,prowlers.properties,available,10.99,,40,2,8,name.com,,
181d0dd3-1296-43ad-a608-530f8a1294f9,thanksaton.properties,available,10.99,,62,1,12,name.com,,
18524657-7854-4c93-8bb1-dabf994f92df,gostraight.properties,available,10.99,,70,2,11,name.com,,
18862aa4-bb9e-490f-9824-586e86e5d532,somewhereelse.properties,available,10.99,,60,3,14,name.com,,
18d371b4-9f41-470c-a0dd-291cd34a176a,choices.properties,available,10.99,,60,12,7,name.com,,
18e3ec1a-a0a5-4c6b-80f9-408632ac7ea6,filesize.properties,available,10.99,,64,2,9,name.com,,
19048d09-474c-455e-9033-c5bd49588f38,doctoralthesis.properties,available,10.99,,68,1,15,name.com,,
190b5d78-b8a1-4f33-a9a6-dcd9895402e6,gems.properties,available,10.99,,70,28,4,name.com,,
19127053-81c2-46d1-acb0-d2a6d37ad473,affirmations.properties,available,10.99,,64,9,12,name.com,,
191550f6-9057-4595-90a9-8e5814729580,goitalone.properties,available,10.99,,74,1,11,name.com,,
191ac036-81ed-4d9f-8a24-c27bb24d5bab,Amazonlilies.properties,available,10.99,,50,1,13,name.com,,
1930cb50-ffa1-40eb-a047-9fc7cbf20d15,paintthinner.properties,available,10.99,,56,1,13,name.com,,
19680972-8d4e-4751-b0da-96970c15a21c,buds.properties,available,10.99,,54,15,4,name.com,,
197e14a8-0b8f-4ab4-a107-e0abb3947eaf,estates.properties,available,10.99,,50,16,7,name.com,,
1989085b-6b05-48fe-90c8-67ce8cb8233b,motorsport.properties,available,10.99,,74,23,10,name.com,,
19c7d585-fc44-4f1f-ba24-1907969cf8b3,havetodo.properties,available,10.99,,56,1,10,name.com,,
19e6bf0a-dce9-48f9-bc77-7d9f00635861,disks.properties,available,10.99,,50,6,5,name.com,,
19f0d0e2-3957-4bfc-95c2-66137e629235,getwith.properties,available,10.99,,74,4,8,name.com,,
19f83614-fae7-44e7-991e-6efb727ab63c,dollars.properties,available,10.99,,64,12,7,name.com,,
1a532e1b-da04-4aa6-a216-8a95f11816b1,urges.properties,available,10.99,,51,4,5,name.com,,
1a55e58f-2e62-4627-a779-f9fe6e09553c,hammerout.properties,available,10.99,,70,1,10,name.com,,
1a6e73e4-4c78-4d89-91ed-e0c74aacbd36,Ihavenever.properties,available,43.98,,68,1,12,namecheap,,
1a8fb9b3-5f1b-42d1-93e1-718b298272d2,doctors.properties,available,10.99,,56,26,7,name.com,,
1ab070b4-8b56-4319-8346-3eeaeff43320,newsreporter.properties,available,10.99,,46,4,13,name.com,,
1ab59946-f45a-4e04-a986-e1628d148312,overrated.properties,available,10.99,,60,6,10,name.com,,
1ac7cfcf-71b2-4b26-9ac9-e8065c5e8ec7,workfromhome.properties,available,10.99,,51,16,14,name.com,,
1ad8d96a-fa8f-4b12-b31d-6cc99b8e7976,skills.properties,available,10.99,,58,47,6,name.com,,
1ad9be43-e686-4464-9c72-b6810ec25f78,expectedvalue.properties,available,10.99,,66,4,14,name.com,,
1b0bd41a-fadc-4659-b504-223888eb64a0,manualworker.properties,available,10.99,,42,0,13,name.com,,
1b1459cc-8e5a-4c8d-a797-6657d9d6e918,alternativerock.properties,available,10.99,,72,1,16,name.com,,
1b1f438f-cd38-4b03-bdd7-cd384c857a97,yards.properties,available,10.99,,66,9,5,name.com,,
1b442845-b6b0-4d6a-8bd2-5820979d2d7d,accountstated.properties,available,10.99,,40,2,14,name.com,,
1b526b3d-0d6e-4d2a-a197-79b2ac4c6c16,changeout.properties,available,10.99,,50,1,10,name.com,,
1b567c34-bfcf-4b55-90ad-b2f70aebbd13,bedframe.properties,available,10.99,,80,3,9,name.com,,
1b773ae9-0a9d-4954-b171-5ef850033d4e,pickupline.properties,available,10.99,,76,2,12,name.com,,
1ba7ea96-ec1b-4c4f-a06d-41630e70af6e,blowingup.properties,available,10.99,,64,1,10,name.com,,
1bc9e112-8489-4fa3-844f-4d4d4b2a066c,stepin.properties,available,10.99,,74,8,7,name.com,,
1c109aa5-bb8f-49e4-a188-acb28472c0a8,mobs.properties,available,10.99,,42,10,4,name.com,,
1c2aefb0-e922-435b-9005-1f3b82bd9dbd,KFC.properties,available,43.98,,74,27,3,namecheap,,
1c521045-ea80-4b88-af54-13bf1dd51ca6,goingdown.properties,available,10.99,,50,2,10,name.com,,
1c609337-bca4-4921-8552-63d081ba7beb,totals.properties,available,10.99,,56,6,6,name.com,,
1cbeb232-026f-4c3c-bc15-547e4b7d454b,DalaiLamas.properties,available,10.99,,62,0,11,name.com,,
1cc23cad-6c9e-4587-be19-32ee843cc694,slicedbread.properties,available,10.99,,86,4,12,name.com,,
1cc6955e-1ff0-4f94-b4cf-4e7964072b87,leavethenest.properties,available,10.99,,70,1,14,name.com,,
1ce65500-1c59-45b2-aebe-d972d8f9c93e,lightupon.properties,available,10.99,,72,2,10,name.com,,
1ce6ed1e-e5df-4086-b501-096c99e0b14f,pencils.properties,available,10.99,,50,5,7,name.com,,
1cf81f44-8291-4248-8eaf-cb959a235d34,midlifecrisis.properties,available,10.99,,58,9,15,name.com,,
1d00586b-947b-4ce8-b025-1c23c9d63b2d,landedproperty.properties,available,10.99,,42,1,15,name.com,,
1d02a4b2-1315-4ef8-992b-816b9dddcc1f,keepfit.properties,available,10.99,,86,9,8,name.com,,
1d4be574-dbcb-4cac-a50c-3fb1718e2264,soups.properties,available,10.99,,56,6,5,name.com,,
1d4cdd64-3e0a-4785-a305-dab93b9982ca,echoes.properties,available,10.99,,56,24,6,name.com,,
1d4f3240-b297-4cff-87dc-ad9d6d141a9e,tospare.properties,available,10.99,,54,0,8,name.com,,
1d5f7f2c-f983-4f80-ba86-477f1bd43c70,organisations.properties,available,10.99,,52,3,13,name.com,,
1d749048-32f7-45dc-bc92-77acf8d637ea,accountants.properties,premium,78.54,78.54,50,16,11,namesilo,,
1d8fcaa7-e801-4c2b-926e-16ee075b84e2,longago.properties,available,10.99,,68,3,8,name.com,,
1db7d56e-b81e-4b00-b9c9-40c8f1279c4a,centres.properties,available,10.99,,53,4,7,name.com,,
1ddf0b01-c2c4-4847-badb-ce097f2a658b,seekout.properties,available,10.99,,77,4,8,name.com,,
1de500d7-8126-44b9-afe6-06d732a78b52,CountyofHawaii.properties,available,43.98,,50,1,16,namecheap,,
1dfe1858-94a0-4fe3-ba14-197bd6076a94,setthestage.properties,available,10.99,,66,3,13,name.com,,
1e002b5f-73b8-48bc-a4f1-386db9cdbb6f,justices.properties,available,10.99,,52,6,8,name.com,,
1e17ec23-3925-483b-ae2c-e64757386e11,haircuts.properties,available,10.99,,60,6,8,name.com,,
1e27d189-3902-4afb-8185-34c7ae61de81,couldof.properties,available,10.99,,49,1,8,name.com,,
1e28900d-8a52-4c9b-baab-cabfa82016d9,scissored.properties,available,10.99,,64,1,9,name.com,,
1e399e56-6b7c-4c50-a856-2d2e5072c091,manysidedness.properties,available,10.99,,64,1,14,name.com,,
1e571645-fef2-4cd7-9317-d4d59da335dd,zoomed.properties,available,10.99,,60,5,6,name.com,,
1e5be982-c87c-4b95-82f7-a60434b3c079,officehours.properties,available,10.99,,75,10,12,name.com,,
1e5c173d-1c5e-47db-8c5e-2b94c744c5af,TheMall.properties,available,43.98,,68,10,8,namecheap,,
1e6384b5-bfa9-4cea-8679-f27db0614acb,lordsandladies.properties,available,10.99,,68,2,16,name.com,,
1e6d8202-6dbd-4656-9481-f512f4ceec21,DeadSea.properties,available,43.98,,50,6,8,namecheap,,
1e820de4-94d3-463d-b807-506a307542d1,reservations.properties,premium,123.75,,50,17,12,name.com,,
1e99393c-36dd-4a3d-a8b2-1282c8e5513e,goquietly.properties,available,10.99,,66,1,10,name.com,,
1ec5a951-9f9e-465d-bdbf-f8f56821b891,monopolizing.properties,available,10.99,,40,1,12,name.com,,
1ef7e2d5-a027-41da-942c-6de15b185690,alcoves.properties,available,10.99,,48,3,7,name.com,,
1efa6bb2-6528-49c2-b5e3-803f219ab55e,hovers.properties,available,10.99,,56,3,6,name.com,,
1efc0387-33a4-4e22-a505-d617e8b0fd6a,disappointments.properties,available,10.99,,30,1,15,name.com,,
1f0cac7d-bba9-4135-8e04-34370aa3b63e,undergoes.properties,available,10.99,,55,1,9,name.com,,
1f537d7f-9a9b-421b-b431-e19812fe49c5,calculates.properties,available,10.99,,50,4,10,name.com,,
1f5a9711-017f-40d5-8ec3-3061f7c78543,designers.properties,available,10.99,,72,15,9,name.com,,
1f673b35-342e-49a0-8ec5-6365e3f6c397,gowithout.properties,available,10.99,,75,1,10,name.com,,
1f81e557-640b-47e8-9f2b-3a6c867e1f87,veterans.properties,available,10.99,,56,23,8,name.com,,
1f93c128-5424-40be-9350-50a6ac4546d7,getthedoor.properties,available,10.99,,76,0,12,name.com,,
1fbb0890-4208-4d02-b22b-71811b029478,backwhen.properties,available,10.99,,54,3,9,name.com,,
1fcf2681-4cd6-4618-980c-647c7c7f835b,publichousing.properties,available,10.99,,64,3,14,name.com,,
1feac7fc-e56a-43af-952e-fa128ebaeb2c,gothewholehog.properties,available,10.99,,62,1,16,name.com,,
1ff4d6b7-c85f-4915-bfa2-fbe5a942fdf3,Tabascosauce.properties,available,43.98,,57,1,13,namecheap,,
1ffeb139-4b0b-463c-b70e-ee42be50f811,pumping.properties,available,10.99,,76,8,7,name.com,,
20013081-9b06-4314-b453-580ebec6dc19,collarbones.properties,available,10.99,,48,1,11,name.com,,
200b6238-8af8-4b6e-ba2d-a646f66ca053,commonrun.properties,available,10.99,,68,1,10,name.com,,
20210969-a51d-49dc-b25c-f3345b99ab63,abided.properties,available,10.99,,70,1,6,name.com,,
202c4162-410a-4ea9-a4f5-463f1aa0cb54,typed.properties,available,10.99,,70,11,5,name.com,,
20351e74-3807-467b-a75b-fb89ccb8ecd1,wisdoms.properties,available,10.99,,58,8,7,name.com,,
2045dbfe-7a34-4ee6-9bd5-fa3f3994d60a,rollwithit.properties,available,10.99,,56,5,12,name.com,,
2046273c-a1a4-44a4-bf84-eb772b184bf2,cars.properties,premium,250,,66,47,4,name.com,,
205158bd-e60f-4213-8af1-e05f4770cc2f,additions.properties,available,10.99,,58,4,9,name.com,,
2075a883-01a4-4283-bf08-9e08fdac102d,libraries.properties,available,10.99,,58,11,9,name.com,,
20842c6e-5318-4f09-871c-c0186e9f9518,compilation.properties,available,10.99,,68,7,11,name.com,,
20ba25b7-76ce-4cbc-872b-b1fb579fa54b,squeakyclean.properties,available,10.99,,66,6,13,name.com,,
20babcbe-ebd7-40ee-9653-f86c6e698279,blooddrives.properties,available,10.99,,62,1,12,name.com,,
20bd2b3b-6241-4146-91d7-a9677f1f0605,Xrays.properties,available,43.98,,52,5,6,namecheap,,
20cd4c30-a6d3-4cba-aaa6-74b9dc705d73,brainwaves.properties,available,10.99,,56,8,10,name.com,,
20e4f765-a582-469f-befa-9e819d3ec1c1,divinejudgment.properties,available,10.99,,47,1,15,name.com,,
212a5720-2519-40a4-ab08-08af44936eb0,tillers.properties,available,10.99,,51,3,7,name.com,,
21350a00-65da-41b7-aec4-96e09282dd96,upandaround.properties,available,10.99,,60,1,13,name.com,,
21483b4a-0665-4993-8426-ed1197561624,WorldWarIV.properties,available,43.98,,52,1,12,namecheap,,
21529e1c-aa92-4954-9077-532f4a96e267,Mikey.properties,available,43.98,,70,21,5,namecheap,,
2153d1f7-3419-4940-87a3-c7e5a780fe2e,makeone.properties,available,10.99,,76,4,8,name.com,,
215a5272-b422-4852-9f8d-0033d64edd5a,rivals.properties,available,10.99,,48,20,6,name.com,,
21737a25-6876-4f8c-a14a-03d833b29c70,sexlife.properties,available,10.99,,74,6,8,name.com,,
218ae62d-8c47-4dc6-ba3f-b8bf42ced958,advantageground.properties,available,10.99,,48,0,16,name.com,,
219765dc-8de5-46fb-a2ac-26724662bcdf,pairofshoes.properties,available,10.99,,67,1,13,name.com,,
21c455a5-868b-4e98-b96a-db9af3bb871a,threats.properties,available,10.99,,44,8,7,name.com,,
21e8fcc1-c478-414d-ae40-630d65379d3c,biosensors.properties,available,10.99,,62,3,10,name.com,,
21f68854-3959-44f9-b2a5-393a722b5ce8,holdingtheball.properties,available,10.99,,62,1,16,name.com,,
2204eee8-4b87-45cc-88fc-21fd8d029723,cutthrough.properties,available,10.99,,74,6,11,name.com,,
22077449-f922-4263-ae93-cacca88bcc55,havingamoment.properties,available,10.99,,40,2,15,name.com,,
220b483a-f9a7-448c-bdb8-eaeb7b8c147e,daydreamed.properties,available,10.99,,62,1,10,name.com,,
222c226f-5247-4c5e-91c4-319254f28421,inpatient.properties,available,10.99,,68,3,10,name.com,,
223e5cfa-453c-4f0c-bf88-a6f2ef01be3a,instore.properties,available,10.99,,74,12,8,name.com,,
227b8261-69b8-4062-bc0f-4ca2d5c62538,clinics.properties,available,10.99,,56,12,7,name.com,,
2287fae4-575e-4237-b3e4-d467be99b915,goshknows.properties,available,10.99,,46,1,10,name.com,,
228db89b-e3da-4883-ad3c-1aefbfce8062,sported.properties,available,10.99,,59,2,7,name.com,,
228e150c-a4b1-402d-8ccf-c838bf5138eb,mistakes.properties,available,10.99,,52,7,8,name.com,,
22912b7e-4ba1-40f9-b9d1-c591afecc65e,spinydogfish.properties,available,10.99,,60,1,13,name.com,,
2293d7cb-5173-4c7c-948d-296c5b4bca55,costeffectiveness.properties,available,10.99,,64,1,18,name.com,,
22aebeb8-5928-4a94-9049-e5c262aefe18,sits.properties,available,10.99,,54,10,4,name.com,,
22b47b59-c6ae-44d0-856f-76a5cd789a11,BonfireNight.properties,available,43.98,,64,1,13,namecheap,,
22ba505e-814b-4449-be2f-f3a0bbdb0958,poems.properties,available,10.99,,58,9,5,name.com,,
22cd52a4-a6d8-42b9-be1f-d05867887a84,HarryPotter.properties,available,43.98,,72,20,12,namecheap,,
22e1a019-c2ba-4ac1-a90b-dae8acc98178,comedies.properties,available,10.99,,56,3,8,name.com,,
2319bb33-7ac3-4d77-9a00-04e14a307b24,genes.properties,available,10.99,,54,10,5,name.com,,
234090a0-ee52-4231-ac71-ec8db6b453a5,Ilostmybag.properties,available,43.98,,50,1,13,namecheap,,
235f253b-81b1-45a9-93ae-2ce1f58a6bfd,seems.properties,available,10.99,,58,8,5,name.com,,
238a1d6e-a8b8-42b1-847a-3a91ba52e576,fees.properties,available,10.99,,63,11,4,name.com,,
23a93b38-f4f7-42de-83c2-7ad0fab2655f,sedans.properties,available,10.99,,51,3,6,name.com,,
23b70a4b-352b-4d19-a990-4a9cd42ed230,mountains.properties,available,10.99,,54,14,9,name.com,,
23c4ff93-4d45-4373-8192-3d8e1e29aede,exclaimed.properties,available,10.99,,50,2,9,name.com,,
23ccebe8-4412-4711-aad0-b569732cb2e6,predilection.properties,available,10.99,,70,2,12,name.com,,
23d7841a-aca9-49bb-a56f-dc55e9f77f20,satisfies.properties,available,10.99,,67,2,9,name.com,,
23dd3d1a-b45e-4b25-a382-be9849d63538,Ineedaguide.properties,available,43.98,,50,1,14,namecheap,,
23f101f4-ba42-4b84-8510-3f3aba925a27,tasked.properties,available,10.99,,53,6,6,name.com,,
240c8f3f-7161-4489-af25-7e929602aab3,objectives.properties,available,10.99,,54,5,10,name.com,,
2419a19c-bf66-4c56-bdee-99b6bd4c566e,comes.properties,available,10.99,,70,8,5,name.com,,
2436662c-6eb8-4542-ad05-54ff74cd1b14,filetype.properties,available,10.99,,64,3,9,name.com,,
243b4b0d-3a82-4cb4-bb97-07053631e329,tokens.properties,available,10.99,,51,36,6,name.com,,
244ccced-7797-4c4c-9801-b911e7a316bd,letsomethingride.properties,available,10.99,,67,1,18,name.com,,
245083a3-fce0-4086-9140-76ed4cdd60b8,switches.properties,available,10.99,,58,7,8,name.com,,
2462a2f6-f7ca-45ca-8cc7-8fc77f2ef3b0,silhouettes.properties,available,10.99,,52,5,11,name.com,,
2479e4ed-12c9-4bef-9201-d8defebc431e,voices.properties,available,10.99,,60,19,6,name.com,,
24832741-bafc-429e-8c73-79023601768b,getthegreenlight.properties,available,10.99,,52,1,19,name.com,,
2484b1ab-ccfa-49c8-af4c-d6af65e0ce57,comicrelief.properties,available,10.99,,80,5,12,name.com,,
248768d7-9acc-4302-9c13-dd604620bf6a,riders.properties,available,10.99,,60,14,6,name.com,,
2490c146-8ec6-43c2-be0e-22e3e5052a68,practitioners.properties,available,10.99,,48,5,13,name.com,,
249c98c6-55ca-423f-9966-162b660dd338,MiddleAmerica.properties,available,10.99,,54,2,14,name.com,,
24a1153f-a5b0-4942-9a8d-c23fb54a9ad4,coffeecake.properties,available,10.99,,80,2,11,name.com,,
24a16437-cb17-4309-b0d3-382cd47525d6,ladiesandgentlemen.properties,available,10.99,,70,3,20,name.com,,
252126b4-9dfc-454d-ae39-f88fe7d64f89,swaps.properties,available,10.99,,50,10,5,name.com,,
253a548d-538d-4e03-ae94-3fd6c8561a4a,runtheshow.properties,available,10.99,,73,3,12,name.com,,
253c6b6c-ca59-4e9f-b9d7-9d6064c3443a,packup.properties,available,10.99,,76,5,7,name.com,,
255c0cec-5aa0-4ccf-badb-5b8625b2ea86,generalformulae.properties,available,10.99,,44,0,16,name.com,,
258f1dd0-b247-4cbd-9a34-e9e2d0d540a9,goonebetter.properties,available,10.99,,62,1,13,name.com,,
25a80cc9-1958-48e1-9690-034c074dbe66,executivedirector.properties,available,10.99,,56,2,18,name.com,,
25ae402b-c38d-4dfc-a6eb-a553155996c8,descriptions.properties,available,10.99,,60,3,12,name.com,,
25b7db0a-73fb-4820-aa72-5cc178aa557d,approaches.properties,available,10.99,,70,3,10,name.com,,
25c68959-82ab-4c89-beb3-ddc51cc01c74,stared.properties,available,10.99,,56,4,6,name.com,,
25db0f12-eef3-4a4b-b085-6227b6d57c75,baseplate.properties,available,10.99,,66,7,10,name.com,,
25e47b1f-155e-43b5-be38-173ed88fae63,rumorhasit.properties,available,10.99,,47,2,12,name.com,,
260a16b3-c3fd-42dc-b38c-2a24f4db9790,CountyofQueens.properties,available,43.98,,44,1,16,namecheap,,
26447720-f6fe-4bad-a73d-021f17a600d8,ofinterest.properties,available,10.99,,50,3,11,name.com,,
26630f24-d8ae-4d98-a09f-cd2eb9b815b5,profiled.properties,available,10.99,,52,7,8,name.com,,
26d7f587-1d51-45a6-a8cf-082a66c865a5,goaroundthehouses.properties,available,10.99,,60,0,20,name.com,,
26ebdb4f-9237-4ca4-99bb-cfd283b127c6,gonuts.properties,available,10.99,,76,8,7,name.com,,
26f7a944-9173-411c-969d-b4798c891ee8,cheeseit.properties,available,10.99,,54,2,9,name.com,,
26fb20e6-77c6-440d-a745-86d54b72707e,ventured.properties,available,10.99,,60,6,8,name.com,,
27093c39-70eb-44e8-81e8-29aa431bfc77,posterpaint.properties,available,10.99,,74,2,12,name.com,,
271d8179-c795-4278-b561-a93294717a36,potatosalad.properties,available,10.99,,70,2,12,name.com,,
273274b1-ef92-475b-a13d-51d2559a3d0a,cabins.properties,available,10.99,,58,9,6,name.com,,
27445261-641b-470c-a025-0c862ebc5e02,gives.properties,premium,123.75,,52,12,5,name.com,,
274a006a-89bb-4df2-be76-95362f84637d,letoneselfgo.properties,available,10.99,,72,0,14,name.com,,
275e3e58-3144-47ff-a35c-4afb3c12b38f,cuddles.properties,available,10.99,,71,10,7,name.com,,
277faacd-5bf1-4875-aed1-ceee5d9ede77,sportsperson.properties,available,10.99,,77,2,12,name.com,,
27811e64-8854-4078-923f-7a05ef53dd78,cheesefries.properties,available,10.99,,74,1,12,name.com,,
2788c07c-3ba9-480e-87e5-8a39fbea120a,advisors.properties,available,10.99,,52,16,8,name.com,,
2796ee13-f025-4425-8fd8-b972658e7aa9,surroundings.properties,available,10.99,,75,4,12,name.com,,
27c1dee9-130d-464d-a48a-37737765ecb1,concerts.properties,available,10.99,,68,12,8,name.com,,
27c21e71-ace8-41ab-8778-803ebcb3ba6b,WorldWarIII.properties,available,43.98,,48,3,13,namecheap,,
27c81ac3-ba96-4cfe-af28-2451d3d16bed,gonedownthetube.properties,available,10.99,,30,1,18,name.com,,
27cd0d2c-a133-4a32-ad04-04ee2930789a,defaults.properties,available,10.99,,44,7,8,name.com,,
27ced083-a956-4e02-bc33-2a97201cab60,getoffwith.properties,available,10.99,,76,1,12,name.com,,
281ed6e7-5ae8-4f75-bdc2-d9a1662c622d,droppingoff.properties,available,10.99,,52,1,12,name.com,,
28265df5-75f4-47c0-80b6-ef2bbbed2521,showingup.properties,available,10.99,,59,4,10,name.com,,
283648e8-22be-40db-9956-ca5ddafd3d27,continues.properties,available,10.99,,48,3,9,name.com,,
284396f3-d5ec-4244-bc98-11cc9f7bdd48,gofar.properties,available,10.99,,76,10,6,name.com,,
28454a8c-b141-4991-b226-82cb5566a8a3,twentythree.properties,available,10.99,,65,7,12,name.com,,
2857e519-1242-4d55-bd54-154172988f2a,solutions.properties,premium,250,,56,31,9,name.com,,
286eda7b-9747-467b-8fc5-3124d187b9b9,flashflooding.properties,available,10.99,,52,0,14,name.com,,
287ee735-0108-4aff-832e-5fb282415816,refusing.properties,available,10.99,,40,3,8,name.com,,
28a20005-2f46-4e2f-a272-0a81898600ef,gonowhere.properties,available,10.99,,62,2,10,name.com,,
28c04d8f-68a1-4e8c-9870-50af61eb7681,hasone.properties,available,10.99,,54,1,7,name.com,,
2918212d-2137-40e7-bb03-849aa24d2e7f,Germanpotatosalad.properties,available,10.99,,56,1,19,name.com,,
291c54af-add9-4b05-b8d0-53f5a7cab585,oranything.properties,available,10.99,,44,1,11,name.com,,
291f1d4b-4990-4549-a2f0-c26d5bebba06,gaps.properties,available,10.99,,40,8,4,name.com,,
292bef90-fa8f-4a41-b676-2c18c942f572,stepinto.properties,available,10.99,,52,5,9,name.com,,
2967642e-1078-461d-b565-71747262eee6,Ispy.properties,available,43.98,,76,14,5,namecheap,,
296b4610-4924-45d0-856e-c34e5a3d2031,keepin.properties,available,10.99,,72,6,7,name.com,,
296e742d-f48a-4707-a4ee-72f0e557c81a,puts.properties,available,10.99,,58,7,4,name.com,,
29781dbb-e6d9-4d00-b832-660ce923a3f4,PennStation.properties,available,43.98,,63,3,12,namecheap,,
29ab19dc-d1d0-4c54-bc78-e33d2798319c,railways.properties,available,10.99,,51,6,8,name.com,,
29abbd19-f3da-4a98-9006-2cf14594d0f8,inthelongrun.properties,available,10.99,,60,2,15,name.com,,
29ad7651-7dbb-422f-91e1-c39ba8f961b0,takedown.properties,available,10.99,,74,11,9,name.com,,
29e2ef01-99f8-452f-8c22-847c1f3ec8c3,sellon.properties,available,10.99,,68,6,7,name.com,,
2a0b1e3a-8e48-4e8c-8274-cbc1591add65,parkingfine.properties,available,10.99,,46,2,12,name.com,,
2a127b40-1187-4aa4-bfe7-52105cf10c9a,semifinal.properties,available,10.99,,72,2,10,name.com,,
2a19d120-6c62-4856-b876-3a12f6f46db5,lookouts.properties,available,10.99,,52,3,8,name.com,,
2a49d925-eaad-4c96-bd1b-ffda801a514c,getthejobdone.properties,available,10.99,,74,2,16,name.com,,
2a587178-d05e-4898-9452-37a43811cdce,LunarNewYear.properties,available,43.98,,72,3,14,namecheap,,
2a5d22b3-a084-4fd6-ae58-29752ad017df,televised.properties,available,10.99,,72,3,9,name.com,,
2a60cae0-3d34-4d7a-9f97-ab39a0d74660,wines.properties,available,10.99,,63,16,5,name.com,,
2a80fc86-7e17-4790-ac6d-b135de7df957,deeper.properties,available,10.99,,56,19,6,name.com,,
2a8127c8-d097-4db8-8710-d9d8ddd37438,electricalfield.properties,available,10.99,,62,1,16,name.com,,
2a87dccd-c8a0-4561-bd03-cf03b3e9798a,getontheendof.properties,available,10.99,,64,0,17,name.com,,
2aa9dc00-d477-4709-b45c-8b26face9810,salts.properties,available,10.99,,56,7,5,name.com,,
2ad5c7bc-061e-4a51-ac5b-32c6629f75f8,speaks.properties,available,10.99,,51,9,6,name.com,,
2b71b1be-4383-49ba-af0d-766cb39271e4,indoor.properties,available,10.99,,72,15,6,name.com,,
2b9816ec-dc7d-46e2-85c7-3c726cb9cbaf,terrifies.properties,available,10.99,,39,1,9,name.com,,
2b9a34b4-58c6-476d-922d-5554b1a04824,overdressed.properties,available,10.99,,64,3,12,name.com,,
2b9bfab6-597d-4995-8125-82b4a00c9ee6,squealed.properties,available,10.99,,40,1,8,name.com,,
2ba30899-dbeb-4d34-bc64-c501fa92d7df,backstretch.properties,available,10.99,,74,3,12,name.com,,
2bc09d5b-bb1b-43cf-9687-54477acc2de5,mosquitos.properties,available,10.99,,42,5,9,name.com,,
2bca27a9-0b5f-42a3-a6e7-f7555c364682,cents.properties,available,10.99,,56,9,5,name.com,,
2be467f8-ed6c-4ce6-8da8-a928813fa3b6,sticks.properties,available,10.99,,60,11,6,name.com,,
2c1514b3-2c48-444d-8ed2-58489e0c043b,MardiGras.properties,available,43.98,,78,10,10,namecheap,,
2c2f034d-9c30-4a14-aa4a-5a7c9136bd98,letpast.properties,available,10.99,,75,1,8,name.com,,
2c353e91-6538-41d5-9e43-aa820506db02,blazeofglory.properties,available,10.99,,72,1,14,name.com,,
2c3f6c91-c728-4237-88cf-1d0d4a7cf544,alcoholfree.properties,available,10.99,,70,6,12,name.com,,
2c4c95d4-354f-4ff3-bccb-1cc6178a01c7,rights.properties,available,10.99,,50,19,6,name.com,,
2c64c680-82e7-4ec8-b72a-7f4104638e34,stepaside.properties,available,10.99,,74,2,10,name.com,,
2c783c4f-0624-4495-9bba-34fba30e5f32,movesouth.properties,available,10.99,,49,1,10,name.com,,
2c803cba-46bd-4096-b783-9d61c279ce43,rages.properties,available,10.99,,40,4,5,name.com,,
2c898127-84a6-4eeb-97c2-75fa603e1905,victories.properties,available,10.99,,58,5,9,name.com,,
2c9b2dee-f487-4906-bd90-cee9cee1f1ef,sweatshop.properties,available,10.99,,56,8,10,name.com,,
2c9fc110-37bf-45c3-896b-f6577099f75d,slips.properties,available,10.99,,70,10,5,name.com,,
2cb000e9-7657-4e1e-bc76-95fb89676531,beonto.properties,available,10.99,,74,1,8,name.com,,
2ccfcc5b-9d1c-43c6-bcae-6ea15141856f,godownfighting.properties,available,10.99,,44,1,16,name.com,,
2cd9ff0e-4578-462e-af4d-f469b1141a30,umbrellas.properties,available,10.99,,59,9,9,name.com,,
2cda323b-bb52-4e4a-8fd9-b7e5b19b0df3,preferences.properties,available,10.99,,80,7,11,name.com,,
2ce3776e-4314-4f56-9e5f-d1e1a6448e1f,makeoneselfathome.properties,available,10.99,,72,1,20,name.com,,
2cef0db5-dab0-46e3-9b9e-1ca1d035d355,chairmen.properties,available,10.99,,58,3,8,name.com,,
2cf0d79d-3bcb-4a41-a281-978b988ec4e4,horses.properties,available,10.99,,56,14,6,name.com,,
2cf60828-876d-4b66-8000-8cc497af3706,variables.properties,available,10.99,,50,6,9,name.com,,
2d24ff64-02da-43e4-b84e-a4aac21f0ac4,chickenroll.properties,available,10.99,,76,2,12,name.com,,
2d3a34da-ae74-45d8-ab07-b90966550102,makeuseof.properties,available,10.99,,58,2,11,name.com,,
2d3a7d8a-f1c3-44f5-9d53-f8da3c6c9331,mouldbreaking.properties,available,10.99,,64,1,14,name.com,,
2d40c7ea-d7df-4a61-833b-3f5b7ae9cf25,boxes.properties,available,10.99,,50,16,5,name.com,,
2d8c88fd-5836-460d-a9a9-08ef661f3485,rugbyfootball.properties,available,10.99,,68,2,14,name.com,,
2db9a6d0-e624-4c05-8031-009d20edf8dd,lies.properties,available,10.99,,60,12,4,name.com,,
2dda5964-3778-4e58-8d1f-312dff471511,postcards.properties,available,10.99,,50,11,9,name.com,,
2ddb1118-00ab-42f3-8890-df4ecfda8ac1,StGeorges.properties,available,43.98,,54,6,10,namecheap,,
2defeea0-5f26-4919-9be4-fcc6ede3dce6,votes.properties,available,10.99,,60,11,5,name.com,,
2e272c5c-4ac0-4404-92ca-5a8fde5ecf17,strips.properties,available,10.99,,51,7,6,name.com,,
2e2e3c4f-a98e-4122-b0f5-745273c38b21,CountriesinAsia.properties,available,10.99,,48,1,17,name.com,,
2e44e60b-1aca-4753-8215-130a65addce3,costcontainment.properties,available,10.99,,42,2,16,name.com,,
2e4cf486-2b5b-42cb-b766-d68a801a8419,reservation.properties,available,10.99,,65,19,11,name.com,,
2e527c37-5122-4f13-8e62-3775e7ca7512,CatholicChurch.properties,available,43.98,,70,5,15,namecheap,,
2e652b2a-8445-4e27-a242-b067e5bf4244,longlasting.properties,available,10.99,,68,3,12,name.com,,
2e6dcfbf-b3ce-42c3-955c-c49d158dbd44,knees.properties,available,10.99,,50,5,5,name.com,,
2eaf8223-ee91-437a-887b-bef8cfcf5b83,tomboys.properties,available,10.99,,52,2,7,name.com,,
2ebf9ca4-e29b-411e-b996-253a2b8c368b,gains.properties,available,10.99,,56,17,5,name.com,,
2ecc9e44-3fb0-4d38-96d2-7b2fcd505e39,breasts.properties,available,10.99,,50,9,7,name.com,,
2eda9848-c2bb-44b4-81cb-2a1da2d3c2cc,CountyofYoung.properties,available,43.98,,42,1,15,namecheap,,
2ee2603b-505f-45b1-9dfb-1812085ae767,strapup.properties,available,10.99,,68,1,8,name.com,,
2efbecba-d981-472c-87f0-3dff1492d3eb,keepsomeoneposted.properties,available,10.99,,66,0,19,name.com,,
2f35498a-c454-4b0a-8d8f-668c60525e42,picks.properties,available,10.99,,52,19,5,name.com,,
2f75910d-e5b7-4b3a-a328-c2995bcf3b58,abovespecified.properties,available,10.99,,54,0,15,name.com,,
2f78a6d1-a040-4f98-93f9-5d04fd78ad87,DakotaCounty.properties,available,43.98,,52,2,13,namecheap,,
2f8d1c89-2174-4ad5-af8f-154469f1dd8c,amplifies.properties,available,10.99,,56,2,9,name.com,,
2f951517-ccf0-4a86-936c-9a4b3dca1057,breastcancer.properties,available,10.99,,58,9,13,name.com,,
2fa37b2c-22ca-4800-85b1-fef1b31d3158,inthemoment.properties,available,10.99,,48,7,13,name.com,,
2fa8d987-c421-4f56-b6ae-ee2be6e10ba7,gotto.properties,available,10.99,,54,6,6,name.com,,
2fbac3c7-8eb8-4177-b862-930a8cc7606e,appreciation.properties,available,10.99,,88,13,12,name.com,,
2fc2a6fd-8e1b-412a-82a5-fdc4f39cac47,goinfor.properties,available,10.99,,74,1,9,name.com,,
2fc60440-6b35-49bc-bd7f-d5280d10e178,Americanway.properties,available,43.98,,72,4,12,namecheap,,
2fccc3f4-5749-4c82-8fa1-97b84f24c63c,CountyofJefferson.properties,available,10.99,,44,0,19,name.com,,
3011fe0b-99a4-429b-85f0-d0d34fe60b5f,oars.properties,available,10.99,,56,6,4,name.com,,
301d78c6-0b3c-4b11-92dc-fd3fced02735,pierogi.properties,available,10.99,,82,7,7,name.com,,
304558ff-969f-430b-a880-d94cd6156588,couldnotcareless.properties,available,10.99,,38,0,19,name.com,,
304a7490-1bfa-4c1e-a02b-df8fc49d56c5,joints.properties,available,10.99,,48,8,6,name.com,,
3057a23d-5d92-44d5-96ea-e7bcc90aa7e1,cliponmicrophone.properties,available,10.99,,48,1,18,name.com,,
3091525d-a852-4ac4-82ea-88a91360fbd3,knocks.properties,available,10.99,,48,5,6,name.com,,
30a3eed8-fe52-40e7-8fbd-6885e58c5fe3,leaveoffice.properties,available,10.99,,58,0,12,name.com,,
30b46522-7fa3-4b9c-ad09-4baf4ce9529b,havenoneofit.properties,available,10.99,,56,1,15,name.com,,
30f749a6-95ae-471d-abb6-b4a1f3b7a71d,gohome.properties,available,10.99,,76,14,7,name.com,,
30ff09ee-2bd7-42ed-a3f9-537285ec8b86,WhiteHouse.properties,resell,,,66,33,11,Dynadot Inc,07/02/2026 17:00,07/02/2027 17:00
3104cea3-8af8-4b2b-8a50-7c82d7d4e1a7,devoured.properties,available,10.99,,40,3,8,name.com,,
31107d0a-49d1-4659-b70d-8a8af29c95f5,notalittle.properties,available,10.99,,60,1,12,name.com,,
3120fba1-2973-4387-bf1e-2181113c3f18,hitwith.properties,available,10.99,,76,2,8,name.com,,
312c5406-358e-44b7-8e6e-a50ae7db234e,accountspayable.properties,available,10.99,,62,4,16,name.com,,
312e51c5-efff-4204-9220-db0a38589d9b,pricecut.properties,available,10.99,,68,5,9,name.com,,
31549899-2200-4a37-957d-6a60cd0ed7a6,recessions.properties,available,10.99,,46,2,10,name.com,,
3197266f-4295-46a9-a782-53a1513bd9f4,bottles.properties,available,10.99,,62,12,7,name.com,,
31a4a217-ecd2-4f8c-bb4f-93cffa76342b,timestamps.properties,available,10.99,,61,6,10,name.com,,
31f773fe-b029-4d29-bfb1-e871fd92d357,origins.properties,available,10.99,,46,22,7,name.com,,
322422fd-0d66-44d2-b496-f8221d3f6f73,cometolife.properties,available,10.99,,80,3,12,name.com,,
3229cabb-cf64-490e-84c9-5df699826332,difficulties.properties,available,10.99,,70,3,12,name.com,,
3235cbfb-ad74-4f95-b76e-a437abce1e65,toweather.properties,available,10.99,,48,1,10,name.com,,
3255c9b9-bd90-400f-a800-74b9a3c3fce5,biases.properties,available,10.99,,42,3,6,name.com,,
3255dace-e5c1-47ef-ab61-02f2387d86f3,goneover.properties,available,10.99,,50,1,9,name.com,,
3259aa08-22c1-4f3c-80f8-2670dcf1d803,shells.properties,available,10.99,,58,9,6,name.com,,
32721683-6e27-4a02-9cf3-bcc23498e07e,passed.properties,available,10.99,,62,6,6,name.com,,
3274e344-0d66-40cb-b5db-ff8f2db4b07d,alcoholbyvolume.properties,available,10.99,,58,1,17,name.com,,
3283dd95-ef4a-4a0d-afbd-b2ef2555d65f,JollyRoger.properties,available,43.98,,82,10,11,namecheap,,
32bdd5b8-179b-43a1-8be9-3a1a7f1d0527,letthedevilout.properties,available,10.99,,62,1,17,name.com,,
32d37eaf-5496-4d85-adc5-e6ba6308fdd6,quieted.properties,available,10.99,,55,2,7,name.com,,
32d3a1eb-66a8-4958-b2e0-077b71967522,CountyofHarris.properties,available,43.98,,42,1,16,namecheap,,
32dc1e05-1753-4427-a9c4-bbf79c9e4016,goingforward.properties,available,10.99,,48,4,13,name.com,,
330022bd-9960-43cc-b6cf-2e1a0b527adc,fanmail.properties,available,10.99,,74,7,8,name.com,,
3317d7bc-237b-4a56-9616-3fe8a97f52be,gobythewayside.properties,available,10.99,,62,1,17,name.com,,
3339d657-49d8-478a-a25d-d5ece317e579,smashit.properties,available,10.99,,72,8,8,name.com,,
3359f559-2b74-4037-a247-ea05df4e0142,sandals.properties,available,10.99,,66,12,7,name.com,,
336b9cfb-add2-4716-be0f-62b094a92082,waxpaper.properties,available,10.99,,66,2,9,name.com,,
33928c44-9b5d-4363-9394-56032cb6aa69,surebet.properties,available,10.99,,82,8,8,name.com,,
339acae8-3bf8-464a-9051-547e9159d9ec,ships.properties,available,10.99,,54,15,5,name.com,,
33acceec-d027-4d82-9e9c-62c49aa665fa,drums.properties,available,10.99,,54,11,5,name.com,,
33ed268c-7f8b-437f-8016-11c471ed507d,getthemeaning.properties,available,10.99,,69,0,15,name.com,,
34097ec4-0be7-48ba-aea7-971321a95540,wrinkles.properties,available,10.99,,55,4,8,name.com,,
34468ae6-68b2-45b3-9798-34dd78ea4dcd,bandits.properties,available,10.99,,40,10,7,name.com,,
344ee592-6378-4542-a2fd-fc2967ee7a66,chunks.properties,available,10.99,,46,8,6,name.com,,
3455af40-3c9c-4b91-a018-99d60e113633,agreements.properties,available,10.99,,54,6,10,name.com,,
3468c3a3-bf2e-49a3-ba24-32bf740395f4,deadoralive.properties,available,10.99,,54,5,13,name.com,,
34746e6f-df5f-4236-9235-a5bf5afed43a,letsgo.properties,available,10.99,,57,31,7,name.com,,
347628f6-8ea8-4550-b7a4-0fbb93cb55ed,sockyarn.properties,available,10.99,,64,1,9,name.com,,
3482af12-f437-4b7f-8243-b0abc2eb6f09,longterm.properties,available,10.99,,72,10,9,name.com,,
348c98b6-dceb-4803-9224-c262a284d09d,popup.properties,available,10.99,,84,29,6,name.com,,
349cf8da-7f43-4919-9771-57cd1cadd4ce,liberties.properties,available,10.99,,56,6,9,name.com,,
34a3685f-441c-4c75-9a27-a85ec1bc8ae7,predisposition.properties,available,10.99,,62,1,14,name.com,,
34c02d57-2525-477e-bacd-ddc5b73c6959,strapin.properties,available,10.99,,68,1,8,name.com,,
34ce2371-fdee-47cd-af36-da7a4b6b88c1,makings.properties,available,10.99,,70,3,7,name.com,,
34f07778-e68c-4b49-b8c7-7b43f75a0307,prices.properties,available,10.99,,51,15,6,name.com,,
34f4ca17-4358-471b-97b1-5b74428a5405,travellers.properties,available,10.99,,53,11,10,name.com,,
350154a3-3bc8-45dd-8f8f-3ec1f47521a3,goingbad.properties,available,10.99,,46,1,9,name.com,,
350c940a-f590-4a90-b3b6-5b06febb4c05,keyrings.properties,available,10.99,,56,3,8,name.com,,
3530c322-954e-4378-87a7-f4112dd5d8fa,OttomanEmpire.properties,available,43.98,,64,2,14,namecheap,,
3550628f-d2a1-478f-868c-c257fa1fcd26,bottoms.properties,available,10.99,,60,7,7,name.com,,
35712b11-cd28-4e84-abb1-94a43af32e25,turnedup.properties,available,10.99,,56,2,9,name.com,,
3578c6de-15d7-4426-a82b-d6e63a17ead8,waited.properties,available,10.99,,58,3,6,name.com,,
3581a1b1-2e2d-4a2b-aaea-d8bf066ab3a2,tenths.properties,available,10.99,,50,4,6,name.com,,
358f8efd-af3d-469f-bb40-a6ed0b78b626,sneezed.properties,available,10.99,,47,2,7,name.com,,
360e1f03-6676-4085-be90-d6988ccb955c,holdings.properties,premium,123.75,,52,14,8,name.com,,
3618ad82-611b-4acf-a959-be8d5bb0024a,devoting.properties,available,10.99,,56,2,8,name.com,,
362df134-2078-43fd-a2a8-bff4c2a5d7f4,intheissue.properties,available,10.99,,50,1,12,name.com,,
367777d0-3bf5-4a1c-b825-652125566c5c,loaned.properties,available,10.99,,52,3,6,name.com,,
3695c658-b584-4c0b-b2b2-7927f6be504c,eachtohisown.properties,available,10.99,,46,0,15,name.com,,
36995b15-a49a-49a1-b366-8c53a4120b41,toomuch.properties,available,10.99,,78,11,8,name.com,,
36cd2112-bd01-44f1-a899-c1debde01e96,edamame.properties,available,10.99,,80,9,7,name.com,,
36d61ad8-1a8c-46da-8cc1-7fbb7135f923,aquestionof.properties,available,10.99,,52,1,13,name.com,,
36d6e3ad-dfd4-4a6a-b108-7292587a1d5e,keepitmoving.properties,available,10.99,,68,5,14,name.com,,
3722bcd7-bec6-48b2-8523-f9a378ba1174,clearthrough.properties,available,10.99,,44,0,13,name.com,,
37280c9b-571c-4ae6-b3e7-92bfa76d7e7d,offices.properties,available,10.99,,60,16,7,name.com,,
372f2e88-0f15-4470-9a8b-35ee8d285279,breads.properties,available,10.99,,58,5,6,name.com,,
373a55a8-2248-45fc-b803-b9737d424407,beans.properties,available,10.99,,74,20,5,name.com,,
3749247b-cd72-4c17-a00b-1b1383e71355,quotes.properties,available,10.99,,58,29,6,name.com,,
37759ed6-977f-4c8f-99ca-65de7e563415,estateduty.properties,available,10.99,,50,1,11,name.com,,
37817e65-ab57-461b-87b1-b81f543a6dc3,turningback.properties,available,10.99,,53,2,12,name.com,,
379f289d-af88-48d2-a0a6-95d9db9f8eeb,adds.properties,available,10.99,,56,9,4,name.com,,
37b1cfc9-b50b-4de5-9728-73a60f67b236,barns.properties,available,10.99,,50,7,5,name.com,,
37b27ce3-b00c-4acf-9ba9-9165d75345e8,dowithout.properties,available,10.99,,68,1,10,name.com,,
37b81385-40d6-4aad-a2e6-8eddfe0330b5,gaslit.properties,available,10.99,,64,6,6,name.com,,
37ca80c9-e90b-4b34-8152-6d56a5503267,inwithachance.properties,available,10.99,,60,1,16,name.com,,
37cfc1e0-0704-403d-9ea9-b4ab02d022cf,fits.properties,available,10.99,,54,15,4,name.com,,
37e3ba3a-25ce-4c38-94b6-ec2cb821c04a,cometopass.properties,available,10.99,,74,1,12,name.com,,
37f48daa-d085-4690-919f-fa57e0e5ff04,usualoffice.properties,available,10.99,,57,0,12,name.com,,
37f8935f-09b0-4ca6-838b-77f251a399ee,introductory.properties,available,10.99,,74,2,12,name.com,,
37ff1278-ed61-44c5-b3e4-25214a3a159c,urged.properties,available,10.99,,60,3,5,name.com,,
381fb131-ec56-4bdd-9866-f936fc0f12ff,keepunder.properties,available,10.99,,66,1,10,name.com,,
3841b8ce-a7b4-46e1-a692-cd32913e7afc,affirmatives.properties,available,10.99,,64,1,12,name.com,,
38b131f1-ce90-4d80-8f44-de0bf6fc4429,gonewiththewind.properties,available,10.99,,40,4,18,name.com,,
38d7a83e-b6f6-4edc-bff9-81e1947781a9,ambitions.properties,available,10.99,,64,7,9,name.com,,
3919082c-0eb2-4b05-956e-50490607d2fd,makethefinalcut.properties,available,10.99,,50,1,18,name.com,,
391c2a52-2573-4391-be93-0f2f09609bba,treating.properties,available,10.99,,70,3,8,name.com,,
3920a368-2d62-4626-b0f5-847e4216fdb9,asusual.properties,available,10.99,,58,3,8,name.com,,
393896bc-9feb-4eb7-aa61-deb8e9b5c551,prototypes.properties,available,10.99,,56,9,10,name.com,,
3943d0c0-4261-4747-9dce-1110dd000ab5,getready.properties,available,10.99,,88,11,9,name.com,,
394f8fab-62be-47aa-a3a7-ac55ff60d940,tunnelvision.properties,available,10.99,,60,9,13,name.com,,
3988a0e7-345c-4406-84a1-b9aa502a9cae,lunchwards.properties,available,10.99,,68,1,10,name.com,,
399163ff-c329-470f-bba6-204424c3713d,ambivalence.properties,available,10.99,,76,4,11,name.com,,
3994c10a-a75c-4591-b244-3d2f5dc6ab6a,dropahint.properties,available,10.99,,78,1,11,name.com,,
399cc492-9847-4614-8fe0-291c9f3ff413,getoutsideof.properties,available,10.99,,66,1,14,name.com,,
39b1f9a2-77db-41c7-8505-389299a0dddb,sites.properties,available,10.99,,53,26,5,name.com,,
39b6e6a8-5d26-40fa-9a18-bc39884ef5a5,estateagency.properties,available,10.99,,42,4,13,name.com,,
39dc12a8-7511-4671-b1ba-d4f2170f18ac,massages.properties,available,10.99,,61,10,8,name.com,,
39ff717d-653a-4a6d-ab67-0ac0d15d309b,movemountains.properties,available,10.99,,72,4,14,name.com,,
3a06b03b-5c40-436e-b901-f12a4bc6f347,TwinTowers.properties,available,43.98,,66,4,11,namecheap,,
3a2678f0-1fc6-467d-8d2b-4192836857fe,somuchfor.properties,available,10.99,,46,0,11,name.com,,
3a48e73b-fe42-435c-a426-5d227ca392b9,couldhavesworn.properties,available,10.99,,44,0,16,name.com,,
3a6684c6-691e-4b53-824e-a11fb1a24884,inyourdreams.properties,available,10.99,,40,3,14,name.com,,
3a6b9c60-7247-46ad-85d5-79ac25243d38,gofast.properties,available,10.99,,74,15,7,name.com,,
3a7863d1-14cc-4115-8cae-630ced4cf46c,strepthroat.properties,available,10.99,,68,2,12,name.com,,
3acfa1ac-2c19-42f6-92b9-b2675f0f45f4,boilingpoint.properties,available,10.99,,60,3,13,name.com,,
3b226197-717a-45b5-b577-99d6e351abc4,somuchso.properties,available,10.99,,50,1,10,name.com,,
3b2b862d-f0f9-4cf9-95a8-2a75aa4a80ec,snowstorms.properties,available,10.99,,50,2,10,name.com,,
3b4dcbb9-3f96-4b95-8bd8-df7cd82dfaa0,geese.properties,available,10.99,,53,10,5,name.com,,
3b5bb703-7541-49e1-8aca-c3df28716f83,getlate.properties,available,10.99,,72,1,8,name.com,,
3b993cc6-b7e8-41cd-962d-fc3d21b051d7,roastpork.properties,available,10.99,,76,1,10,name.com,,
3bb57e0f-2201-46bc-b0a4-3401a38d4534,gotobed.properties,available,10.99,,72,3,9,name.com,,
3bc770f9-f33b-4bc4-bb79-81569e3a5659,webs.properties,premium,242,242,56,21,4,namesilo,,
3bc8d054-acbb-4493-b95f-81ecc20c019c,commonpurposes.properties,available,10.99,,48,2,15,name.com,,
3bcd2fe5-e26e-4387-b299-730d731d23c7,finals.properties,available,10.99,,80,7,6,name.com,,
3bdacbb6-9898-49ce-aebf-458e41a36e75,motorvehicles.properties,available,10.99,,42,1,14,name.com,,
3bdaedda-02ae-4c3f-9a46-08d815bf372d,proteins.properties,available,10.99,,52,8,8,name.com,,
3c16a851-ed27-4bd3-8843-f49cb920cc2a,goviral.properties,available,10.99,,76,17,8,name.com,,
3c34a317-db32-4337-9291-e242d1fc39ce,seperation.properties,available,10.99,,48,2,10,name.com,,
3c3bddb0-e0a8-4b3d-8b97-eddbced4524d,mattresses.properties,available,10.99,,56,8,10,name.com,,
3c4f5eca-e9c6-4faf-b8fe-ceba5262541f,bills.properties,available,10.99,,54,19,5,name.com,,
3c53b25b-d810-4b8c-a8a3-2ff316c0815b,zombies.properties,available,10.99,,44,11,7,name.com,,
3c5fd99a-37ad-4e0e-9cf4-f5b78f762b0f,alternatively.properties,available,10.99,,58,9,13,name.com,,
3c78eb13-5b1c-43d8-95a7-1a2814a62e19,daydreams.properties,available,10.99,,62,10,9,name.com,,
3c8c93af-438b-48d0-b63c-95c016f05c68,breastfeeding.properties,available,10.99,,66,10,13,name.com,,
3c8cd859-4944-4cf9-a514-efca8c17f9e2,chiefs.properties,available,10.99,,50,10,6,name.com,,
3ca74b76-db61-49a6-a665-196302a8100e,faces.properties,available,10.99,,60,21,5,name.com,,
3cab95ea-92df-4f1b-a801-5eeec4df24b7,disobedience.properties,available,10.99,,64,3,12,name.com,,
3caea5cf-bdd7-47cf-8678-c87134bfd4f7,girls.properties,available,10.99,,83,23,5,name.com,,
3cd4a012-a331-482a-bdae-c27d0a68dd4e,objected.properties,available,10.99,,48,2,8,name.com,,
3d087ba1-1d73-4a66-a5af-6489ad363fa8,SaintGeorge.properties,available,43.98,,54,6,12,namecheap,,
3d0b334e-743e-4c6b-96b5-21ace64aacc4,takeout.properties,available,10.99,,75,16,8,name.com,,
3d33a556-871d-46c2-aa0d-6e895c277eb0,joggingsuit.properties,available,10.99,,61,1,12,name.com,,
3d3abb29-0e62-45f4-a5de-889e77b6b528,searched.properties,available,10.99,,60,7,8,name.com,,
3d78cbae-8b3c-4a90-8705-190f554f7b25,Christians.properties,available,43.98,,62,15,10,namecheap,,
3d7ad99c-7bba-4366-b7b2-3b570f038665,necessities.properties,available,10.99,,58,4,11,name.com,,
3d831466-4587-4c75-bd32-1d4fdb8a6c2d,makesout.properties,available,10.99,,56,1,9,name.com,,
3d9de292-65f0-45b1-b535-b09fedb78c70,cuttothechase.properties,available,10.99,,68,4,16,name.com,,
3da2e773-b9f9-416e-b4fe-0e23287c9a2e,parkup.properties,available,10.99,,59,4,7,name.com,,
3dc5255e-f39e-4136-a981-b7b4395cfebc,spillover.properties,available,10.99,,68,4,10,name.com,,
3e2002e6-619d-4737-89bf-9dee254ed169,precursors.properties,available,10.99,,50,2,10,name.com,,
3e361574-d6f7-47c3-adab-14b257273acb,streamers.properties,available,10.99,,56,12,9,name.com,,
3e4742f5-6c9b-43fd-b4a4-ff87b3ba8f74,smartest.properties,available,10.99,,64,20,8,name.com,,
3e48f15e-e9ed-4bee-a23a-cde6e8e4bc8a,makeupsex.properties,available,10.99,,56,2,11,name.com,,
3e52e13d-3b9b-48d3-9dcf-fb68e5398299,majorityleader.properties,available,10.99,,54,1,15,name.com,,
3e5f9b32-c440-4308-8721-9ea676b67b9b,rollover.properties,available,10.99,,75,8,9,name.com,,
3e6168aa-0963-4489-a50f-f184fb56eb95,makenoise.properties,available,10.99,,78,5,10,name.com,,
3e7b8a23-9d2b-4f30-b4c2-eea45393984d,bankers.properties,available,10.99,,52,11,7,name.com,,
3e81dd78-836a-4bcf-8cf7-7889d38a81c9,muscletone.properties,available,10.99,,77,2,11,name.com,,
3e859999-0bf9-4bf1-86bb-41c56be0bb65,bonfires.properties,available,10.99,,60,4,8,name.com,,
3e88e367-9a56-414f-bcad-085f6c29f8fa,restassured.properties,available,10.99,,82,6,12,name.com,,
3e9e6075-0330-4135-9774-4bf933ceeab8,references.properties,available,10.99,,58,9,10,name.com,,
3ecf11ae-47ab-486a-b1b0-faa3c6535889,locks.properties,available,10.99,,66,14,5,name.com,,
3ed2bede-f90d-4d30-9851-bc13dab82584,attachments.properties,available,10.99,,58,6,11,name.com,,
3ed7eb44-1f4f-49c7-aa03-1d651888aca7,remained.properties,available,10.99,,50,2,8,name.com,,
3ee60ed2-5cfb-436d-881c-e5ab4c5fe0b2,Frenchparsley.properties,available,43.98,,66,1,14,namecheap,,
3f099055-cb10-4a9a-8a58-d577f98dcac5,onlyjust.properties,available,10.99,,49,2,9,name.com,,
3f11d284-1224-44fc-8936-4be9a9b2aac7,keeptrack.properties,available,10.99,,76,8,10,name.com,,
3f32d9e6-b38c-42ff-8b83-661fb341855b,strengths.properties,available,10.99,,62,6,9,name.com,,
3f4188a4-da63-4449-94da-eff426141387,GeneralTaochicken.properties,available,43.98,,70,1,19,namecheap,,
3f6ae44a-55a0-4ee4-9f99-c1f8313896c4,busfare.properties,available,10.99,,70,1,8,name.com,,
3f6be8c9-e84b-4c63-bb43-c48930f05cc2,costofsales.properties,available,10.99,,44,1,13,name.com,,
3fa4094a-9f71-4719-a375-da59a35e92e8,users.properties,available,10.99,,54,18,5,name.com,,
3fa7e5a8-122b-4d70-85eb-fc6388e8c6b0,deepinthought.properties,available,10.99,,52,1,15,name.com,,
3fcfcfd5-f468-4b0c-909a-b93ac7ff4789,adventures.properties,available,10.99,,64,18,10,name.com,,
3fdbef05-92be-4cff-b95a-ae3833f2c9f3,moveup.properties,available,10.99,,79,14,7,name.com,,
3fdc53d1-44ad-4c31-98e7-7a66adabd012,getthroughto.properties,available,10.99,,49,1,14,name.com,,
3ff58ae1-6761-4005-a1de-fbbe6f15ac2c,flashfloods.properties,available,10.99,,42,1,12,name.com,,
3ff8c670-c1ae-471a-899d-f5c080d33302,Automobiles.properties,available,43.98,,62,17,11,namecheap,,
400a5e7b-a0db-4407-a425-e610b3c0e86d,coulduse.properties,available,10.99,,56,1,9,name.com,,
40125f78-51c5-4ff0-8bb0-9cfa2506fb9e,dogsledmail.properties,available,10.99,,94,0,12,name.com,,
401b6546-be9d-4acc-8f4a-f14dc1c1cda3,pegs.properties,available,10.99,,48,8,4,name.com,,
4064dc30-2bc1-4677-851f-cb84ef992ac0,lightsout.properties,available,10.99,,56,12,10,name.com,,
40674145-4e71-410b-8118-4b1bef606658,grandpas.properties,available,10.99,,68,4,8,name.com,,
406a90b1-1a84-4d4d-85cc-a14f80ff26ef,shelters.properties,available,10.99,,66,8,8,name.com,,
40b14253-b1a2-4d84-abd8-19f0ee489155,abiders.properties,available,10.99,,70,2,7,name.com,,
40e63a1d-40f8-4f18-b28c-27d5c795e82b,letus.properties,available,10.99,,79,13,6,name.com,,
40e6b05e-e131-4aae-95f6-88977047fb79,worded.properties,available,10.99,,53,4,6,name.com,,
40f2c589-610f-444d-85dd-7c28d1e8b33c,reviewers.properties,available,10.99,,56,6,9,name.com,,
40fcde05-554e-4162-9a39-86cee596be52,permitted.properties,available,10.99,,64,5,9,name.com,,
412f491f-dc9c-49c1-b9ec-4924229e6952,cometoaboil.properties,available,10.99,,62,1,14,name.com,,
4158daf4-b0af-42da-b677-afd9c5cc1f85,hostesses.properties,available,10.99,,56,3,9,name.com,,
41678643-a0fb-4a84-a7ca-785cb43d1c35,getmarried.properties,available,10.99,,88,5,11,name.com,,
4174044c-4ba0-4550-94fd-555ab1d5566d,seemlike.properties,available,10.99,,54,0,9,name.com,,
417d72fb-f831-4813-93b6-89fb820b9186,settlefor.properties,available,10.99,,76,0,10,name.com,,
41908b80-3a63-40ef-8d33-92e811540020,shareholders.properties,available,10.99,,50,5,12,name.com,,
419aaf11-2c57-424e-b52a-925026b9efb6,rained.properties,available,10.99,,50,4,6,name.com,,
41bde48a-667f-4ad0-979c-ff3533b32f03,relocations.properties,available,10.99,,54,5,11,name.com,,
41c3de79-ed9a-4d3d-bd1e-dc05ce773af9,keeptogether.properties,available,10.99,,68,1,13,name.com,,
41c6c0d3-2e38-4e65-acc1-4e0053c0919c,vetoed.properties,available,10.99,,50,2,6,name.com,,
41fb61f1-29fa-44f6-a41f-14367efc136f,getstuckinto.properties,available,10.99,,64,0,14,name.com,,
423e00b2-92f5-4661-87a3-82d0d70be62c,cometobe.properties,available,10.99,,72,0,10,name.com,,
42500ed3-492d-4ca0-a56c-79ef3c272e6c,enlightenment.properties,available,10.99,,62,18,13,name.com,,
42789905-0257-4856-ad3d-9f896c4db8f3,truer.properties,available,10.99,,57,8,5,name.com,,
427aeb93-db47-4960-a5a6-32cec4e2862c,personals.properties,available,10.99,,47,8,9,name.com,,
427eee1a-3cfd-4437-b77b-94ca0d96a170,Catholicism.properties,available,43.98,,74,6,11,namecheap,,
42938bf3-e237-4965-b786-cc7e865f8fe2,starts.properties,available,10.99,,54,9,6,name.com,,
42ce632a-bf7e-4246-b60a-1c6f0e6c5aaf,wouldof.properties,available,10.99,,55,1,8,name.com,,
42d4ddb5-7a1c-469f-abb8-a7290af5bbf0,asprovidedfor.properties,available,10.99,,40,0,15,name.com,,
42d5b869-520f-4e8e-b7b0-cc6b8e19e542,opinions.properties,available,10.99,,62,11,8,name.com,,
42edfedd-c66e-4690-bcf8-f2a5364ab880,cometogripswith.properties,available,10.99,,62,1,18,name.com,,
42fc2a81-0808-4bf9-bcdc-97de0408818d,someoneelse.properties,available,10.99,,54,3,12,name.com,,
4305e09d-af39-474a-aad7-58e8ab27d5bd,drapes.properties,available,10.99,,76,5,6,name.com,,
43102253-b93d-4fd7-8eae-4ea579ced2f1,filets.properties,available,10.99,,66,2,6,name.com,,
4312426a-8c96-4ac0-a6a4-8c3442ac3121,steroids.properties,available,10.99,,50,10,8,name.com,,
431da176-057e-4e29-afbf-47383d021617,proxycard.properties,available,10.99,,44,2,10,name.com,,
4359a2c0-e32a-456c-9578-530241d5488f,lordofthemanor.properties,available,10.99,,68,1,17,name.com,,
435a3bb9-a2f3-41a4-b845-ba80f2f1861b,leavenocrumbs.properties,available,10.99,,70,1,15,name.com,,
4367187f-3315-40ab-8dc4-0e7c03410f52,gobackalongway.properties,available,10.99,,66,1,18,name.com,,
436d3483-6d4f-4e6c-a28a-bef654572156,prayers.properties,available,10.99,,62,11,7,name.com,,
437669d7-f36e-4a28-a2df-7aeb3df634a2,blueberries.properties,available,10.99,,70,9,11,name.com,,
438adb2a-4e36-4ca8-9860-7fc2bb167e56,precautions.properties,available,10.99,,48,2,11,name.com,,
439456c8-ef6c-4fa2-a7a0-9051aaec4159,childdevelopment.properties,available,10.99,,48,4,17,name.com,,
43a3a709-79f8-4f15-90d5-caafa3844e74,workers.properties,available,10.99,,60,20,7,name.com,,
43ae5bab-bac7-44ac-a709-f794d39e273c,backtofront.properties,available,10.99,,46,3,13,name.com,,
43bd111a-f884-4e89-a5a2-b9b31845f616,childsextourism.properties,available,10.99,,30,1,17,name.com,,
4407db5d-dc29-4d05-b7d6-119ae7d44d9f,lordover.properties,available,10.99,,72,1,9,name.com,,
44317378-1cdb-44ed-8439-24d85d78da9c,makehistory.properties,available,10.99,,86,4,12,name.com,,
443352e6-47b5-4433-9fa5-c8c5f20653e6,proofs.properties,available,10.99,,55,13,6,name.com,,
4444927a-a009-42ef-af4b-4d5905b45643,barwood.properties,available,10.99,,52,3,8,name.com,,
44463643-dd3c-42df-9b1f-adb98502613c,highsociety.properties,available,10.99,,73,8,12,name.com,,
4489a32d-1e25-4350-a873-7fb42c23a73b,workmanship.properties,available,10.99,,74,3,11,name.com,,
449d34ec-a678-4e50-8142-d96dcf8e5865,rolemodel.properties,available,10.99,,85,6,10,name.com,,
44a7658b-a7f4-4ac7-9ed4-0cd9acfce700,keyboards.properties,available,10.99,,56,9,9,name.com,,
44a7b899-8cf2-430c-9a5a-f08d136ed658,righted.properties,available,10.99,,55,2,7,name.com,,
44d362e4-2a6a-46e1-aa8a-08b4d359d59e,getwet.properties,available,10.99,,74,5,7,name.com,,
450acd01-edb5-452f-b27f-f596ee27353c,takeoffice.properties,available,10.99,,77,2,11,name.com,,
451a215d-d3e3-470d-914c-e3930a093084,ambled.properties,available,10.99,,58,2,6,name.com,,
455c825d-e4cf-421a-bd0c-98c41283fac3,getmoving.properties,available,10.99,,84,7,10,name.com,,
45a0c98e-71b9-4e04-961a-aeb74a847d39,webmasters.properties,available,10.99,,52,12,10,name.com,,
45a95dac-ff2f-4e26-b3d5-fc07c6391c4a,poured.properties,available,10.99,,56,4,6,name.com,,
45beb891-2948-4b59-acfa-389200ef2546,grandnephews.properties,available,10.99,,66,1,12,name.com,,
45fc5e84-6537-48d0-a325-4f511ba20979,letthemhaveit.properties,available,10.99,,47,1,16,name.com,,
4618f2e9-1e9a-4218-993c-cf79567960ae,speeds.properties,available,10.99,,53,8,6,name.com,,
461a1315-5727-49cc-80fc-a65ed1ecc141,racetrack.properties,available,10.99,,77,10,10,name.com,,
4640c6f9-c25e-42fc-a203-3c2dfef175b6,intheeventthat.properties,available,10.99,,48,1,17,name.com,,
464cd92b-be33-4fae-b582-323e7f767f36,provides.properties,available,10.99,,56,5,8,name.com,,
46552602-4ed1-486c-895e-233d4e785ffa,chickenstrips.properties,available,10.99,,74,2,14,name.com,,
46567fea-9e48-46ae-92f3-8db855859545,comeonover.properties,available,10.99,,78,2,12,name.com,,
465db61d-2cab-4271-b9a4-a91479e579e9,fastacting.properties,available,10.99,,72,1,11,name.com,,
467d24b4-4b1b-4e02-a263-847b2098fec4,webcontent.properties,available,10.99,,78,5,11,name.com,,
4684434a-3f0b-4bcb-a4fd-b58903bf4b58,sheepdog.properties,available,10.99,,76,9,9,name.com,,
468706d8-3c6c-403b-b5b7-2a83695c02b3,trackdown.properties,available,10.99,,70,4,10,name.com,,
469045ac-15c3-4f8c-a2db-0e7cf27697ad,Scotchtape.properties,available,43.98,,80,2,11,namecheap,,
469a1bcf-0792-4b0f-af3b-329a6ea860e2,errors.properties,available,10.99,,46,11,6,name.com,,
46cef121-6beb-44d4-b630-7cca990b677b,goby.properties,available,10.99,,74,9,5,name.com,,
46d1b168-0336-4d65-98e1-587f76214498,sharps.properties,available,10.99,,70,9,6,name.com,,
46f2506d-36b9-430f-aa69-e1f998597691,plugs.properties,available,10.99,,49,8,5,name.com,,
46fad804-6432-4fb9-af73-81ef4c79996d,saloons.properties,available,10.99,,49,4,7,name.com,,
47187bd6-00e3-4468-84ff-1faaed912ee3,sanctions.properties,available,10.99,,52,8,9,name.com,,
47285964-84d1-4b08-a8cd-f5c70d804f22,lentils.properties,available,10.99,,56,4,7,name.com,,
4728c248-78ae-4ec1-b658-a4dfdd5b9383,ties.properties,available,10.99,,59,9,4,name.com,,
4759a22c-234e-43fb-9850-f4f48e5d3bee,manyandvarious.properties,available,10.99,,46,2,16,name.com,,
4759c7f7-f221-494a-9afc-d66d673d5f3e,complaints.properties,available,10.99,,40,9,10,name.com,,
476a3810-fcb7-4765-a2b0-fb395e882b92,hangon.properties,available,10.99,,82,6,7,name.com,,
47743b08-793d-431a-9949-c3ee88da0f65,turnorburn.properties,available,10.99,,56,1,12,name.com,,
47746a12-4f99-45a4-ad42-14d416db1aff,blogs.properties,available,10.99,,52,21,5,name.com,,
47a5878a-4a71-47cc-a402-924e9c5f539d,dogstail.properties,available,10.99,,94,1,8,name.com,,
47aad639-b54b-4b43-9989-0f1c2515e4c9,tostartwith.properties,available,10.99,,52,1,13,name.com,,
47be656a-44f2-48de-b7f4-cd7c03c33dd2,requisitions.properties,available,10.99,,54,1,12,name.com,,
47c9e141-1088-4797-a9be-94bed1b26685,reprimanded.properties,available,10.99,,42,1,11,name.com,,
47cefac8-967a-415f-aff1-05f65e62a1f0,usernames.properties,available,10.99,,52,6,9,name.com,,
47ea6242-dfb9-42dd-869e-4343d89ff839,arrives.properties,available,10.99,,50,3,7,name.com,,
482f34ad-0a39-405b-b217-dae5252a12af,fruits.properties,available,10.99,,74,17,6,name.com,,
4831fb52-5971-4d2c-9a5e-313a160b14f9,ohmygoodness.properties,available,10.99,,50,4,14,name.com,,
48340e28-48b0-4e45-a2ab-dce9f691ec75,stepdown.properties,available,10.99,,74,2,9,name.com,,
48357d73-2d08-4e1b-99bf-0460b6f3a318,makefriendly.properties,available,10.99,,72,1,13,name.com,,
4855e637-4b9d-4187-8841-60d035777f6b,royalties.properties,available,10.99,,56,9,9,name.com,,
4855fb71-a9ca-409e-9d17-bebf0807298b,closeones.properties,available,10.99,,52,1,10,name.com,,
4865fdfa-1ec2-41e2-a534-b15c4a603ea4,costofgoodssold.properties,available,10.99,,62,1,18,name.com,,
48790b1b-d896-4599-bbdb-080ff7cd19a8,trussmember.properties,available,10.99,,50,1,12,name.com,,
4897cfed-d2ea-420c-8cd5-8dc7b63782ef,redial.properties,available,10.99,,71,6,6,name.com,,
489dbefd-783c-4e08-938c-d0f56877139f,couples.properties,available,10.99,,52,14,7,name.com,,
48a76b8c-9d40-4162-8964-73cc49baabdb,online.properties,resell,,,70,62,7,"Sav.com, LLC",02/08/2015 19:21,02/08/2026 19:21
48bec57d-761f-4267-9fa2-f81ed2f77739,germs.properties,available,10.99,,40,5,5,name.com,,
48c0f318-8dee-42ae-b411-077c0e383f4d,unicorns.properties,available,10.99,,73,21,8,name.com,,
48ec9f45-2132-4281-8bb8-24700aa0a97f,paperingover.properties,available,10.99,,53,1,13,name.com,,
48f54211-7f92-4aea-9865-25702b189e95,werewolves.properties,available,10.99,,44,7,10,name.com,,
490daa09-3d96-43d5-8320-d4280b5e301e,reunions.properties,available,10.99,,58,5,8,name.com,,
492abea6-6232-4fb3-ab87-2d3974644886,Cheetos.properties,available,10.99,,76,7,7,name.com,,
492cdc76-19a4-4f57-9651-97eb95b2c619,Lordknows.properties,available,43.98,,66,2,10,namecheap,,
493780ae-12cc-4ecf-8280-47bd8cc16513,dont.properties,available,10.99,,42,18,4,name.com,,
49387c25-5aa9-4ccc-a72f-62edba6e9a07,letrip.properties,available,10.99,,75,2,7,name.com,,
495aab64-20a9-4b2a-9d8b-61a8991e79b3,thedamn.properties,available,10.99,,38,1,8,name.com,,
496eaedf-8488-4be6-a3c8-b83f755e2a38,hookups.properties,available,10.99,,74,9,8,name.com,,
4978f6b2-167b-4b9b-827a-a3af06d306fd,runs.properties,available,10.99,,68,12,4,name.com,,
49825ea0-7886-4c7a-88f4-6b978789af3e,disappoints.properties,available,10.99,,36,1,11,name.com,,
4988daa7-7831-44c0-84dc-c37de26ae682,thickskinned.properties,available,10.99,,52,1,13,name.com,,
49b8ba3e-aefd-4427-8c0c-3f69adb3bda4,godownhill.properties,available,10.99,,68,1,11,name.com,,
49c9a213-9565-4d54-8f91-a1e340c2e52f,manysplendored.properties,available,10.99,,60,2,15,name.com,,
49e7f990-90b8-4422-9315-e7a30ac37050,havetherunof.properties,available,10.99,,60,1,15,name.com,,
49ff2514-e201-4ff4-a0e6-aeda3aec9b44,thefactthat.properties,available,10.99,,47,1,13,name.com,,
4a0f11ee-5058-4ca6-93d4-e8641f4ad799,intermittently.properties,available,10.99,,48,1,14,name.com,,
4a101ae2-9f76-4553-bc79-4aa4105224db,fitinto.properties,available,10.99,,84,2,8,name.com,,
4a16054c-6df3-4736-974a-435294607df1,coffeewoman.properties,available,10.99,,80,2,11,name.com,,
4a1b04a1-97ce-4605-a413-0bbe89ffb345,asperyourrequest.properties,available,10.99,,48,1,19,name.com,,
4a207eb8-3afe-4ee1-bd5b-87845903ad4a,coffeeklatsch.properties,available,10.99,,72,1,14,name.com,,
4a2aaea0-10b0-47bf-9a06-7b3ed3adc480,givingbirth.properties,available,10.99,,89,2,12,name.com,,
4a2df744-4cdc-49c6-9919-31e5a258b526,pillowcases.properties,available,10.99,,54,2,12,name.com,,
4a630ce4-a7a5-405a-a4d6-f8ab83f61f65,backtaxes.properties,available,10.99,,62,3,10,name.com,,
4a81b167-11f9-4998-83fc-c99a5b0ce4ed,tightened.properties,available,10.99,,50,1,9,name.com,,
4a855d54-2fc4-42df-b993-c4585449e8e6,mosquitoes.properties,available,10.99,,42,4,10,name.com,,
4a897abd-9303-49b4-a35e-b22954c24f61,greenbuilding.properties,available,10.99,,72,16,14,name.com,,
4a959dad-09ee-4a20-a531-c05e8d2671e6,vendors.properties,available,10.99,,56,12,7,name.com,,
4aa96e6c-4520-471d-913f-9da338571e05,manycoloured.properties,available,10.99,,60,1,13,name.com,,
4aeb02d8-182d-4622-8827-a4dce8ac1ecf,demoting.properties,available,10.99,,46,1,8,name.com,,
4aecd9a6-6807-4d1c-999f-3813377c6107,weddings.properties,available,10.99,,64,18,8,name.com,,
4b1765bb-4c1a-49b8-892d-083f117ee9d0,subsets.properties,available,10.99,,54,3,7,name.com,,
4b19de89-50ad-4339-9aca-c493ef2071a2,arguments.properties,available,10.99,,54,7,9,name.com,,
4b28a561-9423-4872-9b4a-3621454d99ee,remarks.properties,available,10.99,,56,6,7,name.com,,
4b354d6f-16db-4169-8aab-8bfae78d2140,pizzatopping.properties,available,10.99,,48,1,13,name.com,,
4b7f6464-6edc-40cf-a6e4-83b19f9fa122,ladies.properties,available,10.99,,80,17,6,name.com,,
4bd93d50-de7c-4f43-8fdd-12ffb7a5eca3,goonvacation.properties,available,10.99,,48,1,14,name.com,,
4bd9512e-0123-4797-bd57-5fcd2d8fa0fa,herbs.properties,available,10.99,,62,22,5,name.com,,
4be87e68-1285-45ef-9905-bdcb1598889d,herbbutter.properties,available,10.99,,80,1,11,name.com,,
4cb88ae6-0228-43c4-9f86-865ef6f15b5f,smarts.properties,available,10.99,,67,16,6,name.com,,
4cc1ab93-fe09-4feb-9871-c8b5d0cc8520,onejoke.properties,available,10.99,,70,1,8,name.com,,
4d017a8a-bd58-4905-a5c2-9ea0a287f3af,businessstudies.properties,available,10.99,,70,2,16,name.com,,
4d071a0f-258e-4db5-bf68-3317131f7a94,owning.properties,available,10.99,,52,7,6,name.com,,
4d30711c-4a29-4983-a82b-f58146517ce4,shovels.properties,available,10.99,,47,5,7,name.com,,
4d355b35-29c6-431c-bdef-c07a1f1b6ae6,smiled.properties,available,10.99,,66,5,6,name.com,,
4d49165e-1f46-4cc7-a14d-f5ea020047b8,PopeGregoryI.properties,available,43.98,,28,1,14,namecheap,,
4d7d0084-fa0c-4d29-9974-e82c0354c1b9,scoopthepool.properties,available,10.99,,44,1,14,name.com,,
4da92c20-bd8a-4e85-8f7f-38583563c14b,flipped.properties,available,10.99,,52,12,7,name.com,,
4dcd820e-4f76-485c-bdd7-7352a3474f59,cheesedown.properties,available,10.99,,62,0,11,name.com,,
4de25d61-040e-44be-951c-18886cdfb9d2,shorted.properties,available,10.99,,61,4,7,name.com,,
4de6e914-a13f-4323-b88f-e57029a96f36,attentions.properties,available,10.99,,54,4,10,name.com,,
4dfece98-5752-4a9b-91a2-233806ad067d,translating.properties,available,10.99,,54,7,11,name.com,,
4e11911a-e681-492c-8216-1c247249eff3,replied.properties,available,10.99,,58,4,7,name.com,,
4e31a07d-b3d8-4fae-b379-53744eb5d922,grandefinale.properties,available,10.99,,70,2,13,name.com,,
4e6e6223-72d6-4f36-8d6f-340bf28a7ab8,revisions.properties,available,10.99,,52,5,9,name.com,,
4e75254d-566a-45b4-88c9-d392313bfbce,eyeshadow.properties,available,10.99,,74,3,10,name.com,,
4e7988b0-49db-417c-802e-ab8630f4be34,trussbeam.properties,available,10.99,,54,1,10,name.com,,
4e8911ea-602d-4dcb-9889-dca1b655e4c7,massagetherapy.properties,available,10.99,,76,8,15,name.com,,
4e8fcfc3-979d-4885-bb90-56fa8d5fd5a6,gobackto.properties,available,10.99,,76,2,10,name.com,,
4ea3d64b-24ae-4005-ab0e-ef1c73a7b467,sterilization.properties,available,10.99,,66,3,13,name.com,,
4eab3aa5-07cf-4f51-9758-c0f88223e71d,FinalFour.properties,available,43.98,,82,3,10,namecheap,,
4ed6098a-aaf9-4353-ac59-e43a210cf6e9,accountsreceivable.properties,available,10.99,,62,5,19,name.com,,
4ed7f843-5d96-45c4-87f6-fd579ff16b53,storytellers.properties,available,10.99,,66,12,12,name.com,,
4f0342b8-2c9d-4dab-9ebb-de059657ea96,whips.properties,available,10.99,,52,7,5,name.com,,
4f155d7d-9f58-4e4d-bfd2-b71d45ae930c,keephouse.properties,available,10.99,,70,2,10,name.com,,
4f20f7ce-cc16-42cc-9104-bf06569d5658,noparking.properties,available,10.99,,44,5,10,name.com,,
4f226ca2-a4f9-45fc-b6a8-6e3fd94110b8,haveyoueaten.properties,available,10.99,,44,2,14,name.com,,
4f4611dd-99a2-4222-98cc-309255e14244,snowed.properties,available,10.99,,52,3,6,name.com,,
4f7e30f5-6619-46b3-a32b-706ef20d64e4,abides.properties,available,10.99,,70,4,6,name.com,,
4f8350e2-66f2-4a76-8745-e20623e71ac5,flashmemory.properties,available,10.99,,76,2,12,name.com,,
4f8f24e5-697b-4611-9f1c-c6b3f8a50e36,adjectives.properties,available,10.99,,50,3,10,name.com,,
4fbc42f8-a6cf-4c94-b964-983a40314c7c,grassrootsdemocracy.properties,available,10.99,,66,1,20,name.com,,
4fc0700d-2bbb-49f8-a6a5-7fe14d83ce37,rubs.properties,available,10.99,,52,6,4,name.com,,
4fc1bfb0-5473-4c0b-a608-64da068a9d62,goforbroke.properties,available,10.99,,72,2,12,name.com,,
4fe8dd30-e393-434e-96a5-51818abcb408,GuptaEmpire.properties,available,43.98,,64,1,12,namecheap,,
4feac215-b571-484e-91e6-cd8b9b66df77,dancers.properties,available,10.99,,64,9,7,name.com,,
4ffca91d-ba99-4b83-866f-483d2e0e48ab,diseases.properties,available,10.99,,40,5,8,name.com,,
5038bd67-b522-4853-be1d-8b4c2170bb8e,makeupkiss.properties,available,10.99,,67,1,12,name.com,,
506f977a-5f5e-4a30-8257-90e5c3040149,partyto.properties,available,10.99,,53,1,8,name.com,,
5079cf9e-a6e9-4435-94e9-1a5122140eee,holidays.properties,premium,242,242,78,23,8,namesilo,,
50abc37a-dcf9-4d6f-a9ea-609b8bd584cf,excitingness.properties,available,10.99,,68,1,12,name.com,,
50d5105f-0e09-4947-9012-d48f866bfc4d,chiefofstate.properties,available,10.99,,60,1,14,name.com,,
51100685-7df7-4ab8-83f8-7ed776d2d371,fillintheblanks.properties,available,10.99,,64,2,18,name.com,,
5114ee7c-1997-4194-9170-07c388428aca,nauseousness.properties,available,10.99,,58,1,12,name.com,,
5114f8c4-ec1b-461f-af38-81c5eafea56d,makeuse.properties,available,10.99,,78,1,8,name.com,,
511cdd85-e26a-43b6-97b6-b7ebfd733df3,neckandneck.properties,available,10.99,,46,1,13,name.com,,
5155c9fc-f968-4177-84d7-db93b87734c8,WonderWoman.properties,available,43.98,,92,10,12,namecheap,,
51567d45-c712-4314-b505-e332765804ac,ratios.properties,available,10.99,,46,5,6,name.com,,
515e686f-fbc9-4f97-98f1-58853d967e8f,asoftenasnot.properties,available,10.99,,40,1,15,name.com,,
5171249f-6b2a-42c6-882b-d01cd15ff7aa,gocrazy.properties,available,10.99,,72,5,8,name.com,,
51827d09-1bac-4f94-91d4-17d06a1406a7,keepupwith.properties,available,10.99,,76,2,12,name.com,,
518bcfc2-bdfa-43b8-b90b-35d4df6bef77,breastaugmentation.properties,available,10.99,,66,5,19,name.com,,
5196bef1-b981-4ba6-8091-f02651a103d3,getpast.properties,available,10.99,,76,1,8,name.com,,
51a1a591-5c2b-470a-9c11-ee17832b449a,remembering.properties,available,10.99,,72,9,11,name.com,,
51aac816-4617-4856-b98d-557beaa90da2,GodSavetheQueen.properties,available,10.99,,76,3,18,name.com,,
51e7e918-a50a-48ce-8cac-4fb9e6d5ee8f,dogwoods.properties,available,10.99,,76,2,8,name.com,,
520a7dc3-8f8d-4ef1-9285-5aa021175822,manyeyed.properties,available,10.99,,68,1,9,name.com,,
520b415b-f34a-4ddd-992c-ca263d48d2a8,counselling.properties,available,10.99,,82,13,11,name.com,,
520d3705-d832-443e-a5ab-5ed01ba5a6cc,budgets.properties,available,10.99,,60,7,7,name.com,,
52121562-353e-4ab1-b9d5-2d303c4b4d2e,flipflops.properties,available,10.99,,52,5,10,name.com,,
5218a27c-e36e-438a-9c7a-596671bfaf35,proxyfight.properties,available,10.99,,44,1,11,name.com,,
521a9b04-e437-4d31-8654-12dab76cd901,letthematterdrop.properties,available,10.99,,47,1,19,name.com,,
52aa42bc-7ff8-41df-8dd5-ab4203ba951c,termed.properties,available,10.99,,48,4,6,name.com,,
52b02e42-ce89-4f6b-b908-ea8a7a42aeaf,teamsport.properties,available,10.99,,73,7,10,name.com,,
52b24d54-b852-4389-b77c-ebda927405bd,makeinto.properties,available,10.99,,76,1,9,name.com,,
52cfbc09-ab02-4a88-8acc-4f5457d0513b,makefirstbase.properties,available,10.99,,42,1,15,name.com,,
52d4efc6-5ae9-4426-86f3-4e578686151e,ponders.properties,available,10.99,,54,5,7,name.com,,
5303959b-ddb3-4672-9432-b2a8009004ab,mouthed.properties,available,10.99,,63,1,7,name.com,,
5312b6d6-9802-49f8-9b49-f0d4c9979105,getthedrift.properties,available,10.99,,66,1,13,name.com,,
53220282-8560-4e01-bf08-605abd1d6f4e,finalsweek.properties,available,10.99,,52,1,11,name.com,,
5386e48c-3a27-40d3-8331-6ac475006e11,proxyvoting.properties,available,10.99,,62,2,12,name.com,,
53978256-3ee3-47a2-8019-0a8e849910ae,supports.properties,available,10.99,,64,12,8,name.com,,
53a6206b-c3db-49c3-8ade-40c8f404c2ee,happiest.properties,available,10.99,,64,10,8,name.com,,
53aa511d-879a-4777-b855-36f44f217893,manytoone.properties,available,10.99,,68,2,11,name.com,,
53bb2b07-0b9e-4cd7-bb32-c5b875657da9,supervillains.properties,available,10.99,,46,2,13,name.com,,
53c5ab39-cb4b-4923-aec9-91d7a0d385b5,lodged.properties,available,10.99,,60,2,6,name.com,,
53e4b94c-251f-45b8-b5df-d5234d310173,referees.properties,available,10.99,,55,4,8,name.com,,
544a8bd8-58f3-4a64-892f-86cc32a3e85b,blewit.properties,available,10.99,,44,2,7,name.com,,
54557638-beb0-4945-b92a-af0c9604e39b,comeonto.properties,available,10.99,,72,1,10,name.com,,
546851d4-4a78-49ff-ab01-55a32b9ad179,Iputittoyou.properties,available,43.98,,50,1,15,namecheap,,
547667b8-8c64-4aa6-9a8f-e5c061a4180c,results.properties,available,10.99,,59,22,7,name.com,,
5481482a-b59b-441e-b80c-851a2c635fd8,comeoff.properties,available,10.99,,72,1,8,name.com,,
54873a61-1977-4594-887d-13c903cd6184,brosbeforehoes.properties,available,10.99,,38,1,16,name.com,,
54b2cddb-1779-4b43-8cf1-80c2b0dc13c3,skulls.properties,available,10.99,,44,8,6,name.com,,
54b80bf4-2df6-4ff7-b8d5-6ce41389d80c,parishes.properties,available,10.99,,51,3,8,name.com,,
54cda719-bf1c-4aa2-8226-61f54611880a,Containers.properties,available,10.99,,54,17,10,name.com,,
54d348b4-8ee9-4b81-87de-fcd8ece97efe,rioted.properties,available,10.99,,44,1,6,name.com,,
54db10e1-0531-430b-9242-db2425e3f7ba,CountyofSussex.properties,available,43.98,,44,2,16,namecheap,,
54e0e828-7439-4f46-8837-0a8d33ffa8bc,Mexicans.properties,available,10.99,,54,5,8,name.com,,
5545e9a4-58c2-4d41-b0b9-223afa2c716f,intimewith.properties,available,10.99,,52,0,12,name.com,,
5550245b-c8d3-4a23-bbf9-49f8a30631c2,relies.properties,available,10.99,,51,2,6,name.com,,
556c4457-959e-437c-ab9a-a881b2c56c52,Ilostmyhandbag.properties,available,43.98,,50,1,17,namecheap,,
557103f9-d17d-4028-b64c-d2b4882ea8f9,keepbooks.properties,available,10.99,,52,2,10,name.com,,
55773717-5a3b-42ae-abde-2788ea49ac95,dusts.properties,available,10.99,,52,3,5,name.com,,
5577b15e-acf6-4374-94b6-67e45311a089,takenotes.properties,available,10.99,,74,5,10,name.com,,
55b15e26-2c4f-4ce3-b2e8-54d9a70824fb,Frenchthyme.properties,available,43.98,,74,1,12,namecheap,,
55c72a51-637e-4a1b-92d0-540c603bd639,haveityourway.properties,available,10.99,,56,6,16,name.com,,
55d7aa03-1647-452c-8753-8286075b1e84,thethingis.properties,available,10.99,,48,2,12,name.com,,
55dc8b86-eb23-4024-a5aa-cd7b11ced716,expectedreturn.properties,available,10.99,,48,2,15,name.com,,
5603606b-fd1c-455a-8dba-d32b2bac285a,squalls.properties,available,10.99,,44,2,7,name.com,,
5610b6e9-4893-46c1-9a3a-e73dd68ae8c0,leavemealone.properties,available,10.99,,42,7,14,name.com,,
562e1acc-7eb7-4a3e-b3dc-1fdb83dfcf8d,introducing.properties,available,10.99,,58,8,11,name.com,,
565c93a9-a225-4e5d-a69b-be073a8fe205,toys.properties,premium,242,242,60,24,4,namesilo,,
56a55ec4-d86b-4c2a-9ff7-a137962c021d,differed.properties,available,10.99,,48,2,8,name.com,,
56b33914-a7bd-4ebb-bdd5-7a00ce00ab7e,stitches.properties,available,10.99,,46,10,8,name.com,,